No.,rigName,dimension,translateX,translateY,translateZ,rotMtx_00,rotMtx_01,rotMtx_02,rotMtx_10,rotMtx_11,rotMtx_12,rotMtx_20,rotMtx_21,rotMtx_22
0,arm_L_arm_ik_ctrl,12,34.44219,25.79544,-7.94284,0.9860756637301761,-0.1651290682654581,-0.019676793765103198,0.14282798771043448,0.9015668209593223,-0.40838392876298324,0.08517600205269493,0.3998870567536327,0.9125981539074228
0,arm_L_arm_ik_ctrl,12,-36.56358,34.74337,26.37746,0.996085278441015,-0.0880377321823857,0.00796716921296755,0.08340809755398318,0.9061867315227616,-0.4145704968693739,0.029278103345516664,0.41361209523450454,0.9099823225427033
0,arm_L_arm_ik_ctrl,12,45.60343,44.78275,-44.34486,0.7637186669167982,0.3336128615933683,-0.5526628776951756,-0.6354179783377789,0.5395656772187889,-0.5523702316133263,0.11392010624976867,0.7730273853796603,0.6240599897807322
0,arm_L_arm_ik_ctrl,12,-26.20354,4.42292,-13.00448,0.7086020547220523,-0.6711961640927485,-0.2176668035113899,0.7049097711832352,0.6870998546787703,0.17605682091532748,0.031390166200336696,-0.27818968170583347,0.9600131032742846
0,arm_L_arm_ik_ctrl,12,-26.39519,-39.6834,-10.39418,0.7164922833067451,-0.12428649231849367,0.6864340287231192,0.5239558066343241,0.7455174445030508,-0.4119151036752785,-0.4605530595447845,0.6547950883817056,0.5992781253934875
0,arm_L_arm_ik_ctrl,12,12.29017,24.1787,29.51936,0.6764637718438024,0.614079446560085,-0.40657496073333854,-0.2714538777957184,0.7210836831483136,0.6374567547111958,0.6846236613005158,-0.3208500509735384,0.6544812351609133
0,arm_L_arm_ik_ctrl,12,29.33401,32.1954,-1.49654,0.6175875466108728,0.1803830070313965,0.7655374537182841,0.04053737906155484,0.9647502298087334,-0.26002637362932257,-0.7854567735846337,0.19162193209105105,0.5885054731875565
0,arm_L_arm_ik_ctrl,12,-17.61672,-34.91508,15.09345,0.9707431571787093,-0.23182071435116217,-0.06258497574041767,0.12922221756859983,0.7240342167025895,-0.6775515268453914,0.20238414285058315,0.6496411389694964,0.7328076482140795
0,arm_L_arm_ik_ctrl,12,-27.32941,46.2295,-37.36691,0.677557731159388,-0.31964226683045677,0.6623777941640474,0.19007346878358086,0.9461259885573012,0.26214059250914634,-0.7104840585197668,-0.05171494012329765,0.7018104926241302
0,arm_L_arm_ik_ctrl,12,-3.69926,-12.66881,-36.14606,0.6513429360610008,0.003162738057908094,0.7587768952277162,-0.45688876745870843,0.8000234095261205,0.3888639844216273,-0.6058094038668412,-0.5999604497782987,0.5225346159713481
0,arm_L_arm_ik_ctrl,12,7.14026,-7.11109,7.80913,0.7215255635825896,0.45716818003231674,-0.5199981887110432,-0.6819001112289177,0.5994122015573379,-0.41918641548859276,0.12005456843792403,0.6570405374024686,0.7442342593612976
0,arm_L_arm_ik_ctrl,12,-4.76204,5.97724,42.42106,0.9882995167093194,0.1519104339473959,-0.013685223054071556,-0.15246216248645406,0.9864917824791284,-0.059910367309057085,0.004399350188368768,0.06129586575835214,0.9981099451257132
0,arm_L_arm_ik_ctrl,12,-2.54293,15.74725,16.64105,0.6415525499265882,-0.1425172054104596,0.753723538072605,0.6057972876656211,0.6968881340330265,-0.3838705184055463,-0.47055283650156576,0.7028767849388391,0.5334268958858108
0,arm_L_arm_ik_ctrl,12,-24.09915,18.5258,18.40819,0.7606731028017716,-0.38664862250159293,0.521420438218091,0.10530809492048868,0.8661167215348314,0.4886225842324243,-0.6405362096073436,-0.3167722642457446,0.6995489237976722
0,arm_L_arm_ik_ctrl,12,-39.31715,20.25855,15.2042,0.8388305455971597,-0.3809067897049516,0.3889387269607374,0.051081430205466793,0.766365262177715,0.6403709646880051,-0.5419907778379032,-0.5172951792583709,0.6623078545923449
0,arm_L_arm_ik_ctrl,12,46.52421,-48.83453,23.59916,0.4395262242095826,-0.4935202717827532,-0.750502791181715,0.3371043318708718,0.8650926378841372,-0.37145039683995235,0.8325727401650624,-0.0897355515843211,0.5465987222047786
0,arm_L_arm_ik_ctrl,12,-13.84772,-1.95193,-8.30474,0.9503818656587634,0.26840396342068024,0.15726926542410646,-0.2565700659381883,0.9621720091766746,-0.09163419679025393,-0.175915066698227,0.046736893103750364,0.983295251758884
0,arm_L_arm_ik_ctrl,12,2.19839,30.66908,46.04948,0.8378763080860043,0.3119695093723641,-0.4479266877181284,-0.47636363963490874,0.818576590051618,-0.3209517861817383,0.2665351293581207,0.48229388493058034,0.8344768620978165
0,arm_L_arm_ik_ctrl,12,-31.87351,16.14305,-16.54403,0.999778384138635,-0.010409481376099015,0.01829823233595885,0.018203150860156454,0.8640790843500505,-0.503026819650345,-0.010574871531251225,0.5032484264121041,0.8640770760793499
0,arm_L_arm_ik_ctrl,12,17.71258,28.49114,2.04662,0.6358952037099154,0.7493363062278302,0.1847495333351516,-0.7647056534562505,0.6440782336426046,0.01971021359272259,-0.10422357444826764,-0.15381264290250474,0.9825879692997328
0,arm_L_arm_ik_ctrl,12,40.56397,18.62542,26.65093,0.8879140754560592,0.2143594394589989,0.4070118245479306,-0.43530144602559717,0.6776088747790461,0.5927553153778541,-0.14873212731295082,-0.7034886236006229,0.6949694315359959
0,arm_L_arm_ik_ctrl,12,-33.50505,18.97669,13.49999,0.7674001297268296,0.42999946097462005,0.47560225446982607,-0.47336820466322715,0.8802803119036509,-0.03207982681880099,-0.4324576091470215,-0.20051692206980273,0.8790752983985469
0,arm_L_arm_ik_ctrl,12,45.82094,-35.96314,-47.63839,0.6718943598040721,-0.5238241341735604,0.5236088671143719,0.0806434927096045,0.7544991124880341,0.6513276566662622,-0.7362435713451576,-0.39539773104064263,0.5491867059032287
0,arm_L_arm_ik_ctrl,12,42.48653,44.86058,39.24333,0.9783996293404716,-0.13098543505863888,-0.15992804978779318,-0.006175669471540872,0.7547710333423323,-0.655959258135691,0.20663016820640215,0.6427779577971284,0.7376587765065545
0,arm_L_arm_ik_ctrl,12,21.2343,33.97997,-31.74081,0.8228223381015326,0.2529551056154641,0.5088979411082312,-0.5612465001405619,0.5023353940373159,0.6577701102796819,-0.08925114005488971,-0.8268451284493636,0.5553029511523043
0,arm_L_arm_ik_ctrl,12,-12.30377,42.67885,34.34467,0.7743440613306382,0.18799417399733545,-0.604193235004359,-0.48816416411352803,0.7850108926232264,-0.381383858255991,0.4026003273189348,0.5902678112568438,0.699640541590281
0,arm_L_arm_ik_ctrl,12,24.72913,-29.72474,-29.48413,0.6337970380464709,0.33180406016736597,0.6987183840575337,-0.5649484712803444,0.815578720400685,0.12515820239833703,-0.5283318458710606,-0.474064780896063,0.7043635738398499
0,arm_L_arm_ik_ctrl,12,14.84972,20.13695,45.7047,0.6126534398956541,0.3891878868386933,0.6878870193004478,-0.1692065344774753,0.9147632800941983,-0.36684777508038174,-0.772026496484509,0.1083555726731942,0.6262860038325296
0,arm_L_arm_ik_ctrl,12,-38.70428,-36.91478,9.72609,0.7996779281446376,-0.050173311387716815,0.5983292154514027,0.37115991317008945,0.8246120961101201,-0.4269135858747592,-0.4719698402375639,0.5634691915031956,0.6780464144384686
0,arm_L_arm_ik_ctrl,12,4.81191,-15.41682,34.48511,0.962918380901182,-0.2691880914035725,-0.018054450120349588,0.2448418077852555,0.9000137899681557,-0.3605934927693573,0.11331672816973809,0.3428016180149365,0.9325483203583862
0,arm_L_arm_ik_ctrl,12,3.90816,-21.08036,-46.99631,0.7973118892881785,-0.3595361737927551,0.48479633964602203,0.27929418415515334,0.9318248629638979,0.2317265273105784,-0.5350593517515815,-0.04935751712534561,0.8433714043091565
0,arm_L_arm_ik_ctrl,12,-48.77218,-38.76011,-10.71626,0.6298410201141211,-0.5056028055870997,0.5896321670024938,0.44900857359545443,0.8564397110542166,0.25475934166806424,-0.6337914406327831,0.10429201461197098,0.7664408558191543
0,arm_L_arm_ik_ctrl,12,-42.25782,-28.63832,-19.68717,0.9270066367931997,0.37498788810235234,0.0065405747376147145,-0.2910727462374378,0.7083439147896586,0.6430595266211806,0.23650655749715863,-0.5980242320817765,0.7657882645378191
0,arm_L_arm_ik_ctrl,12,7.03284,13.2233,31.70039,0.7491480121837034,0.6084058565775523,-0.26195337280390246,-0.6604559067484231,0.6557615448043626,-0.3657523637612121,-0.050746931752804564,0.4470113086242121,0.8930876994336814
0,arm_L_arm_ik_ctrl,12,2.89354,8.57469,34.33262,0.7638503474774563,-0.1838132237260691,-0.6186641620798794,0.5651218158189316,0.6534829605452056,0.5035845048872996,0.3117209969573476,-0.7342838136991058,0.6030400492466598
0,arm_L_arm_ik_ctrl,12,4.86946,25.0541,24.73067,0.64018056579982,0.6759609714359676,0.3650282294118703,-0.7329346465101788,0.39505897179588434,0.5538368105756225,0.23016439150577,-0.6220973990452955,0.7483442917426825
0,arm_L_arm_ik_ctrl,12,-17.12995,48.32139,45.92475,0.6938839272585102,0.5325640213596143,-0.4846655121272635,-0.19722749081665464,0.7878854829754547,0.5833847637560489,0.6925506568897851,-0.30921194813559627,0.6517373387889607
0,arm_L_arm_ik_ctrl,12,18.20046,-40.83974,11.78163,0.8340321911875963,0.021865684428552277,-0.5512823196033841,0.28801842373639835,0.8349942911554111,0.46886023645247726,0.47056953965510484,-0.549823995095106,0.690114398318452
0,arm_L_arm_ik_ctrl,12,13.94737,-7.0979,22.42988,0.9186329608807224,-0.20377091602681263,-0.3385127722333538,-0.0695673915731154,0.7599509450746429,-0.6462468097483111,0.3889394055803933,0.6172130708772706,0.6839401756915728
0,arm_L_arm_ik_ctrl,12,-29.01488,-11.46021,-30.49397,0.9620068297044525,0.2502448146010456,-0.109180549399959,-0.2667289978780249,0.946790344032461,-0.18012130950522975,0.05829666622520653,0.20239954844856378,0.9775663258801647
0,arm_L_arm_ik_ctrl,12,-4.13933,37.78679,-46.81535,0.6641260565629273,0.19586440397389177,-0.7215079460755282,-0.5192466861518409,0.815174174920105,-0.25665919711488483,0.5378842439730939,0.5450946704924546,0.6430803529001762
0,arm_L_arm_ik_ctrl,12,-11.89793,-26.92808,-33.39633,0.9367094115158625,0.3227776036690608,-0.1356100916129214,-0.15967926477864444,0.7385762763268885,0.6549867299776838,0.3115734436330507,-0.5918781146627794,0.7433722395986251
0,arm_L_arm_ik_ctrl,12,13.94268,-47.49892,-22.49707,0.8728154670367572,0.27804664097704906,-0.40110251300981337,-0.4463267209079332,0.7872303435880423,-0.4255124490985249,0.19744776196498015,0.550416616369485,0.8112064655310556
0,arm_L_arm_ik_ctrl,12,-46.14482,19.62243,-35.60668,0.8332674574498776,0.4675147633261633,-0.29511911227011034,-0.5050812385528334,0.8608104575583561,-0.06243635655697093,0.22485169960876936,0.20108531082666117,0.9534182770184304
0,arm_L_arm_ik_ctrl,12,-9.14641,4.1972,36.20366,0.6040046148400409,-0.6497650610221104,0.46150166925685887,0.7869187916932556,0.39449349261271593,-0.4744825598125265,0.12624278407877668,0.6497539917239096,0.7495882267664595
0,arm_L_arm_ik_ctrl,12,-22.81246,-1.19718,-41.81207,0.4826309697910206,-0.5531793206096164,0.6790139808932231,0.847863195385723,0.4894364051617985,-0.20391176330120597,-0.21953439117571127,0.6741250956255666,0.7052375532676424
0,arm_L_arm_ik_ctrl,12,38.82681,-10.00056,8.86202,0.8895113590058742,0.02440707661314659,0.4562607114476578,-0.2901410961898275,0.80157922362901,0.5227704013695481,-0.3529698096173214,-0.5973901931380472,0.7200953205244418
0,arm_L_arm_ik_ctrl,12,-14.81537,-6.98138,-4.63291,0.9821911308922048,-0.18662506964084763,-0.021717867718554173,0.17398942272804105,0.9470818105280893,-0.2697475207404123,0.07091024732332328,0.2611649431841589,0.9626861426634125
0,arm_L_arm_ik_ctrl,12,4.81578,-36.81085,21.15468,0.6200880295016454,-0.36859380294472815,-0.6925528457089098,0.2794205437570407,0.9286332943992945,-0.24405811656167617,0.7330859399792674,-0.042175976145856824,0.6788270704979715
0,arm_L_arm_ik_ctrl,12,-43.3116,-8.67572,-38.94953,0.706567263693914,-0.7073717630416398,-0.01969494167184138,0.6460433029011448,0.633451225036854,0.425872746575651,-0.28877457064754636,-0.31363152639789116,0.9045686889322746
0,arm_L_arm_ik_ctrl,12,-0.24634,-23.38263,13.74112,0.6808220180336684,0.7309514131616679,0.046812512830696845,-0.6452155965979034,0.6287608714081386,-0.43400069181153367,-0.34666729535301555,0.2652730634328314,0.8996954974598829
0,arm_L_arm_ik_ctrl,12,-25.64822,0.2209,-33.80625,0.8883946790220597,0.08136400400395094,0.4518127854960907,-0.3164816916382558,0.8214751656954169,0.47436050742391617,-0.33255711260335324,-0.5644098253912064,0.7555443837782054
0,arm_L_arm_ik_ctrl,12,47.83549,-44.54773,22.56617,0.7077901694974919,-0.11608965291274187,-0.6968186768803708,0.14242452789904916,0.9895995264209568,-0.02019978119066809,0.6919164182294306,-0.08494686453317168,0.7169628305501884
0,arm_L_arm_ik_ctrl,12,11.71415,39.01386,-4.35128,0.7225242711202656,0.02593792044928358,-0.6908588147551535,0.21554044792116683,0.9410374637953858,0.2607504689228591,0.6568873517979104,-0.3373065608853684,0.6743317366338422
0,arm_L_arm_ik_ctrl,12,41.3643,-36.2522,5.60701,0.6808277427708447,-0.1442303599966226,-0.7181024912425811,0.18634189784334287,0.9822685851220196,-0.020618530270774246,0.7083433360890026,-0.11977491364067151,0.6956318626117352
0,arm_L_arm_ik_ctrl,12,-40.96601,45.06336,-35.00289,0.7520012961812654,0.34609982581313037,-0.5609892700523045,-0.1753613864296902,0.9254385616370815,0.3358747575876259,0.6354072982671457,-0.15420239689191104,0.7566235431848761
0,arm_L_arm_ik_ctrl,12,46.59192,5.97559,-2.63281,0.5874020849707904,0.6724176663602887,-0.4503479460800855,-0.7404549234545078,0.6711268222576067,0.03626699296034244,0.3266271527352662,0.31215904666209837,0.8921162663482057
0,arm_L_arm_ik_ctrl,12,-45.74343,8.96865,-48.06892,0.6288415976344346,-0.24107893923976684,-0.7392152529132503,0.37487269878065355,0.9269276222056013,0.016602496835698977,0.6811965243551095,-0.28755195747429513,0.6732645594112465
0,arm_L_arm_ik_ctrl,12,8.07572,-29.4276,14.19694,0.693458466430383,-0.06140205611867681,0.7178754368554617,-0.43977726379942883,0.7531542956252087,0.4892387609607226,-0.5707112348474566,-0.6549720562632383,0.4952779945981821
0,arm_L_arm_ik_ctrl,12,-27.58145,43.26403,44.57436,0.7653432799921359,0.30050997272422936,-0.5691602762527983,-0.6378561777651778,0.4722460925280071,-0.6083774523918741,0.08596022485822687,0.8286599932332391,0.5531125160010495
0,arm_L_arm_ik_ctrl,12,-19.21932,7.79579,-23.4382,0.9560143014963213,-0.28769161681529054,0.057185565912255945,0.21951651546445816,0.831048124906423,0.51104942376238,-0.1945485923178146,-0.47601738172436764,0.8576469538938701
0,arm_L_arm_ik_ctrl,12,-0.55126,5.66917,30.97428,0.8980076495323075,0.3147713258779877,0.30741059478566135,-0.2253579838455332,0.9291487229483438,-0.293080926981846,-0.3778836335415135,0.19391148250806453,0.9053188921330361
0,arm_L_arm_ik_ctrl,12,42.79916,-32.69731,47.06289,0.7670959257419234,0.6385796754312689,0.06148039391738534,-0.5532571063979247,0.7070118875411001,-0.44050058467130976,-0.32476208973699017,0.3038917389493596,0.8956446818175147
0,arm_L_arm_ik_ctrl,12,-5.48608,-20.59115,40.94289,0.6809478294839933,0.31747041979206564,0.6599413504835772,-0.40601217827135166,0.91363598789483,-0.020576508906760976,-0.609478600622196,-0.2539326961627578,0.7510352995719457
0,arm_L_arm_ik_ctrl,12,-2.38417,13.02191,-9.6039,0.4383928033874437,0.5000858846756844,0.7468104564655186,-0.888226313083629,0.11407733941517739,0.4450172776171927,0.13735270905213792,-0.858429070209119,0.49420012619984854
0,arm_L_arm_ik_ctrl,12,-8.5256,-21.22998,34.47123,0.994749159243578,0.08923261399899297,-0.05011637240564328,-0.09380578440496931,0.9907695880004929,-0.09785754087193337,0.04092169346890256,0.1020449121330427,0.9939377500182778
0,arm_L_arm_ik_ctrl,12,-42.91911,-6.54122,-25.37502,0.7354186121336397,0.5372331705218629,0.4129648718940368,-0.5556696219195012,0.8269218736540251,-0.0862060679323396,-0.38780244481342524,-0.16607448739509523,0.9066578894120906
0,arm_L_arm_ik_ctrl,12,-42.52062,26.60007,47.20937,0.708003134510226,-0.08760124016498204,-0.7007550101463792,0.019011805512875388,0.9942813424508883,-0.10508645633572278,0.7059533361170802,0.06107892251518773,0.7056197647809676
0,arm_L_arm_ik_ctrl,12,24.16689,44.08039,24.74034,0.7706875139268505,0.10800198867777297,0.6279938903515677,-0.5115244744038189,0.6925441696743837,0.5086504547682185,-0.3799782466972913,-0.7132447991339752,0.5889808049038507
0,arm_L_arm_ik_ctrl,12,18.4241,-40.41627,-33.30852,0.7158922326191737,0.632527118059709,0.2956480275506902,-0.6914352620825902,0.701098796668757,0.1742921560438126,-0.09703396119047457,-0.32919587213192686,0.939262736483773
0,arm_L_arm_ik_ctrl,12,40.97692,-20.5921,-4.05661,0.5349321166595865,-0.3681382384817027,-0.7604747648237141,0.08508235836202159,0.9189781671574923,-0.38501963662054023,0.8406001563535728,0.14125638270692512,0.5229130056547681
0,arm_L_arm_ik_ctrl,12,-17.62467,12.00295,-49.152,0.5449356766819167,0.6471773106874644,-0.5331103420592803,-0.2526853801900258,0.7330035946613205,0.6315503375438927,0.7994968460959955,-0.20944512108169017,0.5629720546684644
0,arm_L_arm_ik_ctrl,12,-42.65733,9.43619,48.9447,0.9731728986533426,-0.21692293616737185,-0.07667430528656548,0.18941999143522836,0.9445703510689211,-0.26815465449291254,0.1305931704620465,0.24643719614956994,0.9603198072426754
0,arm_L_arm_ik_ctrl,12,-22.01845,0.21404,6.41478,0.9883179425382328,-0.02202457661965752,-0.15080637414154344,0.011963089269639753,0.9976608591689051,-0.06730300570916868,0.15193593700017446,0.06471265801283857,0.9862696096609651
0,arm_L_arm_ik_ctrl,12,35.97284,1.52798,-38.63892,0.749318798920305,0.5758303251366484,0.3270180029259145,-0.32114311719875804,0.7478588053682325,-0.5810114504113194,-0.5791273054005452,0.3303432213414133,0.7453086073924555
0,arm_L_arm_ik_ctrl,12,-4.91549,-6.33804,-45.83656,0.912397279853172,0.28044167473329645,-0.29813364585252067,-0.1340064263690642,0.8929153021543763,0.42981919555826187,0.38674730950366654,-0.35221404039496035,0.8522744794608909
0,arm_L_arm_ik_ctrl,12,-12.94434,45.01854,-29.99535,0.8875814913200355,-0.4380819724735713,0.14241938653065037,0.4594094806584754,0.819140491147341,-0.34344109370313125,0.03379386552632844,0.3702607745313541,0.9283129501931071
0,arm_L_arm_ik_ctrl,12,29.91154,-17.40939,-25.95065,0.7820029970809034,-0.03245187724733165,0.6224292636272887,-0.29683896575513175,0.8587219631803163,0.41771188439062534,-0.5480492139999,-0.5114132043806333,0.661890167187294
0,arm_L_arm_ik_ctrl,12,31.44781,-40.39771,42.43943,0.9043553942463557,-0.11507452129518146,0.41097344859029944,-0.043415909128093205,0.9331610107242823,0.35682711065531014,-0.42456610761117025,-0.34054130823252654,0.8389131287893756
0,arm_L_arm_ik_ctrl,12,-35.46638,-15.04887,-33.70642,0.7781243160762903,-0.5347486355724956,-0.3294942267842637,0.39505882569612494,0.8244931917569123,-0.4051413345810303,0.4883145225880594,0.18508072157805577,0.8528153689572802
0,arm_L_arm_ik_ctrl,12,-22.85089,4.19066,20.81303,0.9724123369706248,0.05571408185085655,0.22651752248080975,-0.2021265728087769,0.685980702030888,0.6989816342406916,-0.11644352911135199,-0.7254835749517186,0.678317394000307
0,arm_L_arm_ik_ctrl,12,0.59404,-4.67153,5.79708,0.6912231124362129,-0.46727432290454735,-0.5512397989877829,0.45699674951901376,0.8735635399659716,-0.16745361319235877,0.5597897638962777,-0.1361669886434194,0.8173701557071512
0,arm_L_arm_ik_ctrl,12,-35.52794,-1.01027,0.51001,0.748007216463776,0.41491308096599516,-0.5180080495141165,-0.0008536821573422728,0.7810971386881276,0.624408945451612,0.6636900446329507,-0.4666201829931122,0.5846205003919949
0,arm_L_arm_ik_ctrl,12,-0.38438,35.6764,-41.13058,0.6820781811687775,0.18249808004709647,0.70814109155776,-0.10860260239229201,0.9829004022743179,-0.1487019635465714,-0.7231699866055793,0.024520399427980174,0.6902346850780379
0,arm_L_arm_ik_ctrl,12,23.15311,41.40618,-46.26701,0.6190931502541757,-0.20292696265332316,-0.758646372914718,-0.3466435110642319,0.7962195214853041,-0.49585557357236093,0.704671517478479,0.5699606314773066,0.4225907370264611
0,arm_L_arm_ik_ctrl,12,-30.04113,11.50526,-39.28897,0.8570616471660557,-0.05809633952487141,0.5119278741100336,-0.28041709184633873,0.7809570067952704,0.5580971314545651,-0.43221706069687904,-0.6218769724561144,0.653037092033345
0,arm_L_arm_ik_ctrl,12,29.15259,-46.89663,33.7742,0.4815014579117709,-0.44951024903397363,0.7523941002176017,0.8203255365753797,0.5333885585698107,-0.2063071972305743,-0.3085812049868798,0.7165453102213668,0.6255721048197487
0,arm_L_arm_ik_ctrl,12,-35.40452,-31.08247,33.91075,0.8897400660845671,-0.2628219477706831,0.37321205577239114,0.2572735643144541,0.9641094434290607,0.0655994984420101,-0.37705825532504456,0.03765109375477937,0.9254239391923587
0,arm_L_arm_ik_ctrl,12,-10.25111,-31.04884,40.24393,0.9406111496520114,0.3362814467055455,-0.04653443619457224,-0.3190736643554568,0.922524257556333,0.21711976173282269,0.11594249378507725,-0.18937735562036373,0.9750351559370233
0,arm_L_arm_ik_ctrl,12,-41.89093,10.68028,49.77279,0.6687805264398247,-0.4690288557248487,-0.5768401337912522,0.18766888361064754,0.8572624452788938,-0.4794595812357751,0.7193837623822238,0.21239828721505868,0.6613425511857719
0,arm_L_arm_ik_ctrl,12,-29.63296,-40.73066,15.948,0.9415650859891557,-0.2437737296069249,-0.23244258990074018,0.28151130449047784,0.9484384479425937,0.14565677433031837,0.18495019408019892,-0.2025805499493318,0.9616415894146441
0,arm_L_arm_ik_ctrl,12,-41.64795,-32.76257,18.38116,0.5840191618969439,0.40037753710885815,-0.7061299075353176,-0.7940515687589699,0.46238965916756536,-0.39456039999767034,0.16853404608152672,0.7911343949504077,0.5879648326539966
0,arm_L_arm_ik_ctrl,12,-7.89554,6.49147,5.81404,0.5936031870876859,0.6296450899577721,-0.5011809223937109,-0.665793815303072,0.7340676104098984,0.13365380223278467,0.4520551424146401,0.2543458355058535,0.8549586798069886
0,arm_L_arm_ik_ctrl,12,41.23434,-0.56503,6.58015,0.7563523254787345,-0.1950707797194499,0.6244025549615859,0.3947212405372187,0.8972522225465492,-0.1978221206135371,-0.5216572648891891,0.39608817204622954,0.7556373852274694
0,arm_L_arm_ik_ctrl,12,4.68016,-37.58811,-21.99064,0.6650899545939335,-0.0020950204890567907,0.7467603117382378,0.09322524218149332,0.9924060328514577,-0.08024537482144026,-0.7409213227586592,0.12298730360968951,0.660234592120389
0,arm_L_arm_ik_ctrl,12,26.01615,1.38166,49.71022,0.5774971185198271,-0.4378317389493336,-0.6890576510495326,0.6402933373393931,0.7665293498043841,0.0495701326127969,0.5064795358749244,-0.4698256317582842,0.7230092360978871
0,arm_L_arm_ik_ctrl,12,-12.94057,40.76251,-10.39734,0.764834851560491,0.3710277594129897,-0.526655534086008,-0.6128455688062956,0.6710684701432311,-0.41723784245213347,0.1986151017242386,0.6418765536492199,0.740639272009303
0,arm_L_arm_ik_ctrl,12,-30.54628,30.60773,-12.79401,0.8619324453342077,0.11247756187720404,-0.4943897832220575,0.16855235672298413,0.8560614283519425,0.4886194162445447,0.4781867446127309,-0.5044874913832765,0.7189087621628265
0,arm_L_arm_ik_ctrl,12,-14.36018,33.11603,-14.76214,0.920742062572384,0.3873873899137541,0.046530251941732874,-0.24850339104723224,0.6741816727192695,-0.6955035131525032,-0.3007991337221211,0.6288164138325724,0.7170145039305444
0,arm_L_arm_ik_ctrl,12,-9.60219,-29.99246,-32.11977,0.8154305370678323,-0.3782490781902166,-0.43817881517197743,0.2119082373550249,0.8994902279806164,-0.3821154651521778,0.5386723848113554,0.21873491860155791,0.8136258951299528
0,arm_L_arm_ik_ctrl,12,-35.43307,-4.5073,27.07838,0.9129821483418858,-0.10641985621619983,-0.3938761366368344,0.24574950223650732,0.9140525009745839,0.32266888231221974,0.3256850917059971,-0.39138579389782613,0.8606662427302612
0,arm_L_arm_ik_ctrl,12,8.11521,-30.52455,46.52511,0.9579966352439357,0.2809921620031833,0.05732234951634799,-0.24493810080990244,0.6977510483303908,0.6731632798403957,0.14915687591571375,-0.6589285844813666,0.7372688430419713
0,arm_L_arm_ik_ctrl,12,-35.18288,11.59653,-33.03142,0.9623940846071195,-0.19696042215569323,-0.18709414212496242,0.25330262074093196,0.8994814062184479,0.35604912890366575,0.0981601153167625,-0.390051012011935,0.9155461756730051
0,arm_L_arm_ik_ctrl,12,47.90501,-4.37017,21.8847,0.651010247827166,-0.5902213749612499,0.477309528254846,0.4750772754934122,0.8072404674012559,0.350234792816988,-0.592019627659226,-0.0012475290191254207,0.8059225794935752
0,arm_L_arm_ik_ctrl,12,45.99609,37.18637,23.19053,0.8907930404537014,0.34875832921323546,0.2912994797174256,-0.19999640579415834,0.8765282984302848,-0.43783510562805267,-0.4080308772000824,0.3317616160065871,0.8505557203358456
0,arm_L_arm_ik_ctrl,12,37.80993,-15.08814,29.07237,0.8448354527784896,0.4273532085789948,0.3219041671768209,-0.5219628767074289,0.5261960771688595,0.6713214160976907,0.11750665116439055,-0.7351781576525119,0.6676116112252605
0,arm_L_arm_ik_ctrl,12,21.06837,40.11076,-48.32363,0.6059513174170819,-0.5919738599431722,-0.531403754281511,0.7659644488883238,0.2538360437960361,0.5906485637916876,-0.2147590835324766,-0.7649406591455044,0.6072432165338137
0,arm_L_arm_ik_ctrl,12,-25.3518,8.12899,47.2281,0.9444999481827272,-0.3270923388878315,0.03050327398351923,0.3070747924282531,0.9120454508080401,0.27180538536884113,-0.11672583149402259,-0.24735338586978536,0.9618686930973386
0,arm_L_arm_ik_ctrl,12,-36.94798,31.56344,38.04406,0.7976593466785067,-0.4682053706128037,0.3801621990489651,0.5613778675473553,0.8067871687428947,-0.1842535052035858,-0.2204415035432343,0.36038617520813837,0.9063814584568946
0,arm_L_arm_ik_ctrl,12,-22.0417,-4.0721,4.72307,0.6991964596452775,0.7149191341520525,-0.003865545600470033,-0.5505975034067273,0.5350239830674176,-0.6407743181377938,-0.4560336611060512,0.4501554944304858,0.7677195651878725
0,arm_L_arm_ik_ctrl,12,43.4262,-11.19653,32.16412,0.9225056336414942,-0.38471213467318316,0.031303823007868874,0.3605134053968876,0.8298203944247257,-0.4259438901145686,0.1378892324615839,0.40422108608037144,0.9042078705359516
0,arm_L_arm_ik_ctrl,12,32.71706,-28.72369,44.25194,0.9635642021306918,0.19983343141357235,0.17779377959231382,-0.2012099123869131,0.9794924797797807,-0.010442854595688294,-0.1762345015299046,-0.025711509958246382,0.9840123569987181
0,arm_L_arm_ik_ctrl,12,-1.87534,16.60876,11.98337,0.6909413421932117,0.32485765332105737,-0.6458076855589274,-0.20061179018941444,0.9444196533139918,0.260435074579592,0.6945177976734946,-0.0503887240661536,0.7177088582438867
0,arm_L_arm_ik_ctrl,12,-46.94447,36.7618,22.2076,0.8943714868433551,-0.43877421713285375,-0.08704498779974447,0.23523097428380824,0.626837759118529,-0.7427925770231898,0.3804813165703366,0.6438568242417815,0.6638391052191721
0,arm_L_arm_ik_ctrl,12,-25.90645,-40.21128,16.59261,0.8034064832349743,-0.5551869649707354,-0.21518702707782933,0.4358323690028207,0.7945530083218041,-0.4227714076142804,0.40569467438629286,0.24587181801368443,0.8803174883422716
0,arm_L_arm_ik_ctrl,12,39.59024,-30.3065,-38.66214,0.7324751177549138,0.5282835462467818,-0.4294143647281141,-0.6741572195377871,0.47498886772258975,-0.5655949247338524,-0.09482744969155904,0.7037770032507006,0.7040636934826694
0,arm_L_arm_ik_ctrl,12,32.13575,9.98052,22.2134,0.8855634990873487,0.3898866011701685,-0.2525187662573724,-0.43843868139574527,0.5219680915935878,-0.7316562266625687,-0.15345622092353134,0.7586420431179135,0.6331772569144808
0,arm_L_arm_ik_ctrl,12,-25.9897,-33.55976,-10.01517,0.7747538616499654,-0.6111048612544461,0.16219526013312016,0.5840726062882622,0.5935214671804542,-0.5537070151078074,0.2421066798791452,0.5237204564910036,0.8167626576985213
0,arm_L_arm_ik_ctrl,12,21.09823,-31.74614,-40.09843,0.8406993047779725,-0.2997575762376158,-0.45096571314677975,0.2250652681835227,0.9508914591841124,-0.21248778296219376,0.4925142678169969,0.07714161223917546,0.8668788079413569
0,arm_L_arm_ik_ctrl,12,42.63129,-32.01811,28.40891,0.6685674426131962,0.0623004184471241,-0.7410372679824975,-0.04284302192738192,0.998056326900873,0.04525531797775296,0.7424163590262409,0.0014920437161480278,0.6699371042536522
0,arm_L_arm_ik_ctrl,12,1.4938,-31.13518,45.29195,0.7100414799255739,0.6866959832100299,-0.15585160707644732,-0.6497023479550692,0.7242275846880548,0.23104385869045832,0.27152892267081064,-0.06279356830214947,0.9603796186577014
0,arm_L_arm_ik_ctrl,12,-41.26985,8.38081,-10.22485,0.97934754763219,0.03852078331035233,-0.19848055370733989,0.10187623987919878,0.7539342960682369,0.6490025492709316,0.174641383110909,-0.6558195075363716,0.7344393513693692
0,arm_L_arm_ik_ctrl,12,1.00185,9.69981,-19.77018,0.8267890502413542,0.405065543118591,-0.3903098412531263,-0.08269333988856019,0.7738545634656286,0.6279418174811234,0.5564006451641431,-0.48689939451745307,0.6733107021869347
0,arm_L_arm_ik_ctrl,12,-44.76364,-41.28133,-9.27582,0.5294283673418317,-0.5517864193268421,-0.6443891303399094,0.2767906909431957,0.8303597162775154,-0.48362139633261925,0.8019304940335854,0.07768197364888701,0.5923453331537801
0,arm_L_arm_ik_ctrl,12,46.07808,4.82553,-32.29205,0.8673342384429484,0.4759057737970129,0.14575669209767628,-0.42359638539394895,0.552033098577708,0.7182099695464241,0.26133775292860295,-0.6846701048982355,0.6803891727187225
0,arm_L_arm_ik_ctrl,12,40.00582,-27.74677,30.80467,0.8847802886539959,-0.235308566564141,-0.40223590007715726,0.10930985461661463,0.9438658350704691,-0.3117188493986539,0.45300683934466834,0.2318343457908153,0.8608354312054648
0,arm_L_arm_ik_ctrl,12,7.25767,7.80639,-4.36527,0.9976688434279416,-0.04737381709847185,0.04911822784541259,0.03362250579231561,0.9675854088601192,0.2502958322969875,-0.0593835495520353,-0.24806087562232887,0.9669226422150246
0,arm_L_arm_ik_ctrl,12,-45.54242,12.39029,6.40512,0.490334795764072,0.473717420280023,0.7315487637787695,-0.19121365826171466,0.8774030887464959,-0.44000131448926477,-0.8502994325278468,0.07586583935704345,0.5208025052373244
0,arm_L_arm_ik_ctrl,12,44.00341,-26.33519,1.15113,0.5602308859495208,-0.3861745677458121,0.7328100419989821,0.8153572641940776,0.41308569347823954,-0.40565100957541234,-0.14606124110853025,0.824760215498988,0.5462936030889421
0,arm_L_arm_ik_ctrl,12,8.60978,28.2029,-22.82027,0.5458541305404683,0.5556907783128524,-0.6270973027130365,-0.28561156111489827,0.8270105620358881,0.484230901986434,0.7876987395758738,-0.08521319838581937,0.6101388419789703
0,arm_L_arm_ik_ctrl,12,1.97779,-22.66783,24.07987,0.6495815584906984,-0.71654771783122,-0.2541715305451524,0.7278539418211283,0.48947868284098084,0.4802491628516433,-0.21970989564478158,-0.4969607500750223,0.8394984065742057
0,arm_L_arm_ik_ctrl,12,-18.45648,26.98683,-41.2413,0.7568314265297279,0.625385533602862,0.18999770045250758,-0.5401603046359357,0.762127367736825,-0.356915565144127,-0.3680122784807462,0.1674957005621399,0.9146103832674368
0,arm_L_arm_ik_ctrl,12,-8.75712,-9.22779,39.77584,0.7744993544523298,0.5394636661729665,0.33034785126007193,-0.6126042239659187,0.5094617910102739,0.6042886299441007,0.15769215177693185,-0.6703936428545739,0.7250555488292845
0,arm_L_arm_ik_ctrl,12,-0.61673,-1.76461,26.89527,0.957662971231801,0.07537172854702306,0.2778502043679518,-0.20932693186738532,0.8448831793648133,0.4922952862067561,-0.19764581737660358,-0.5296144973112412,0.8248906685805675
0,arm_L_arm_ik_ctrl,12,-1.58812,-30.12318,48.38795,0.7575448615487633,0.5026827379681142,-0.41645629745502133,-0.18849363627512195,0.7792412053675997,0.5977066947433599,0.6249767450272427,-0.3742902734591568,0.685062668205634
0,arm_L_arm_ik_ctrl,12,16.9535,12.54687,8.27741,0.6682272420698547,-0.5208084207666566,-0.5312541216915468,0.6057416593532639,0.7954600234318625,-0.017899531997660836,0.4319136430811953,-0.3098417983105603,0.8470234146350429
0,arm_L_arm_ik_ctrl,12,7.57162,2.80935,-6.68436,0.8015344310583694,-0.582620558194142,0.13452078277159368,0.47807204620535965,0.7595414505625051,0.441071313411364,-0.35915132530029226,-0.28922321837458287,0.8873332268590486
0,arm_L_arm_ik_ctrl,12,-42.76334,-8.99049,49.02547,0.8181053204307525,0.5124896240024522,0.26087941653706787,-0.37334647979618363,0.818379214081799,-0.4368842729861706,-0.4373969486709911,0.26001893632711087,0.8608565862236428
0,arm_L_arm_ik_ctrl,12,-30.65637,-4.98937,19.81649,0.7295770044842459,-0.3436666225975283,-0.5912788234329069,0.1113199914305995,0.9127163271227356,-0.39313708259521235,0.6747779294224774,0.22100262151384442,0.7041538093686084
0,arm_L_arm_ik_ctrl,12,-49.84898,19.49873,3.88301,0.6922200145937694,0.194272650229154,-0.6950464651868554,0.21253229175535124,0.8655005852795481,0.45358434920307594,0.689682156037852,-0.4616999829474769,0.5578276161945368
0,arm_L_arm_ik_ctrl,12,27.15909,-40.49876,-23.31259,0.6580872407597365,0.2690556379679797,0.7032284459739098,-0.41387107205162,0.90948531319272,0.03933447350077157,-0.6289927815707264,-0.31693142596527646,0.7098750255978421
0,arm_L_arm_ik_ctrl,12,1.73209,-46.98124,28.41078,0.6069319985400408,-0.7191416462080671,-0.33833244277979485,0.5297334012936978,0.6834077760723459,-0.5023309020532785,0.5924660941370419,0.1256547026298717,0.7957353976071421
0,arm_L_arm_ik_ctrl,12,8.25884,18.01901,-1.29461,0.8049054663249072,0.5301008655894079,0.2666838251218924,-0.54442853629346,0.8384782436206679,-0.02349050540453665,-0.23606092253832323,-0.12628264835740663,0.9634977600255203
0,arm_L_arm_ik_ctrl,12,40.63712,35.14004,-45.41831,0.8285871949529352,0.3570037571052801,0.4312674086604974,-0.16910475123529675,0.8939244241821327,-0.41509361228557934,-0.5337104490917101,0.271011883989165,0.8010653626683459
0,arm_L_arm_ik_ctrl,12,-5.17328,-4.56047,44.48464,0.6457914457938573,-0.5637535014525633,-0.5149130005539322,0.7554463448240882,0.5695712272297055,0.32386638788854183,0.11069881946707374,-0.5981392870494477,0.7937097483693738
0,arm_L_arm_ik_ctrl,12,37.04757,30.60745,41.17007,0.642181377484912,-0.20763333175216175,0.7378966580470993,0.7349611305026664,0.44027947872693907,-0.5157384194164493,-0.21779626962329612,0.8735229705951822,0.4353417103618087
0,arm_L_arm_ik_ctrl,12,-36.66648,12.33215,27.26127,0.7631948402896236,0.6365624006749268,-0.11100426028882823,-0.5234064617211143,0.5082712523993189,-0.6838903492614961,-0.3789186081256493,0.5800419329939874,0.7210908711006669
0,arm_L_arm_ik_ctrl,12,10.52399,-35.12024,44.48481,0.971904772730448,0.21756403844860836,0.08981649023263394,-0.20799200229475703,0.9724811260624034,-0.10497517055864963,-0.11018366360397598,0.08334475764157136,0.9904106277945899
0,arm_L_arm_ik_ctrl,12,-9.64982,13.60303,47.0264,0.639177444346557,0.7048766809735629,-0.30757285195266837,-0.6624701421990817,0.3015043958961059,-0.6857320248829368,-0.3906219468147335,0.6420622741409265,0.6596745643054984
0,arm_L_arm_ik_ctrl,12,-42.88925,-24.82793,-36.12725,0.8551997934332026,0.117155858901068,-0.5048839649235858,-0.4474271277681877,0.6585689643727108,-0.605058579397206,0.26161475235337417,0.7433447543974518,0.6156267517423804
0,arm_L_arm_ik_ctrl,12,32.38072,39.52092,-31.21316,0.8312647116046142,-0.5545854793134833,0.03786720712610618,0.5333546507786557,0.7765378654182333,-0.3354426330454606,0.15662629323863705,0.29903827465113464,0.9412992693931068
0,arm_L_arm_ik_ctrl,12,20.65737,34.59813,45.07857,0.589651143175165,0.6397242941586944,0.49301557461745726,-0.7923872913203515,0.5763575838940973,0.1998357226367578,-0.15631349879718526,-0.5084926380498729,0.8467593088610619
0,arm_L_arm_ik_ctrl,12,47.76533,-10.85495,-35.38186,0.8469821629918344,0.18726356381452758,-0.4975475587731851,0.20944171337226916,0.7426737654966096,0.6360580529659028,0.48862601677905154,-0.6429370386830808,0.5898106306400969
0,arm_L_arm_ik_ctrl,12,49.33677,-42.43328,-23.99896,0.7657490960005484,0.08880823200144068,-0.6369783512044355,0.2701330752352177,0.8544072566456057,0.4438652514618534,0.5836578138244249,-0.5119583359220831,0.6302715435759294
0,arm_L_arm_ik_ctrl,12,-29.68577,42.21645,-12.44808,0.6466818609098529,-0.7564300974277549,0.0980616055120817,0.6020004825505324,0.5850994178470417,0.5433728832431548,-0.4683993913094848,-0.29235625346568245,0.8337444640178511
0,arm_L_arm_ik_ctrl,12,8.08863,3.93865,39.36275,0.8774128077590848,-0.1288994720558936,-0.46209489380865393,0.43805131712140244,0.6079888946189791,0.6621635353809484,0.1955960335705298,-0.7834120436422356,0.5899218266243184
0,arm_L_arm_ik_ctrl,12,-1.22205,38.89472,-25.25361,0.7318777239693175,-0.49836772354937736,0.46474144347336077,0.640015851525957,0.7368725335352746,-0.21771214737999733,-0.23395449761224024,0.4567805615889505,0.8582638356598088
0,arm_L_arm_ik_ctrl,12,11.16434,-27.51996,-48.35787,0.7596386370563255,0.4677124870046415,0.4518784909587325,-0.4063125485910495,0.8838485462682597,-0.23177976640968911,-0.5077984383086012,-0.007535035462230319,0.8614429576541495
0,arm_L_arm_ik_ctrl,12,18.42523,49.54905,43.43612,0.8812504843227675,0.450862783116643,0.14184616554987514,-0.2693745516128283,0.7256935437901962,-0.6330925931051589,-0.3883747350488641,0.5197034070520813,0.7609687469759735
0,arm_L_arm_ik_ctrl,12,-10.54801,17.25374,-25.56783,0.6541271330483855,-0.7256006263369038,-0.21359172472123691,0.6951678034130535,0.46543014059144333,0.5478289051582611,-0.29809297024212034,-0.5068318412338771,0.8088646770651491
0,arm_L_arm_ik_ctrl,12,-37.7463,-15.68178,-32.55995,0.9321380403595613,0.037997630266537234,-0.3601039486159024,0.014674065278973253,0.9896981627397937,0.14241565390667177,0.36180567370181654,-0.13803523739829635,0.9219777262567521
0,arm_L_arm_ik_ctrl,12,1.82101,5.03331,-27.04391,0.9710099274112556,-0.03402413600144476,-0.23660532335123668,0.17867298623630057,0.760846830003445,0.6238493930934866,0.15879447363869698,-0.6480389335858333,0.7448690191562173
0,arm_L_arm_ik_ctrl,12,-44.62958,40.2943,-29.53772,0.9812842396841891,0.19256282231698207,0.0008946556552238902,-0.16674374998896518,0.8520179693930323,-0.49624782283753277,-0.09632114402892286,0.48681098928916167,0.8681804523947008
0,arm_L_arm_ik_ctrl,12,4.14207,-4.28954,8.43193,0.7155955848797433,-0.28219602840291497,-0.6389744599389239,0.3592702626315491,0.9331823303705474,-0.009778377823145444,0.5990390949589818,-0.2225671580395805,0.769165796738849
0,arm_L_arm_ik_ctrl,12,-40.46651,-19.89635,44.36566,0.7757980206032583,-0.6040666780993754,-0.18232081515299214,0.6037975337103011,0.7946073305013774,-0.06346438843030254,0.18321017852025553,-0.06084931161040331,0.9811887645927853
0,arm_L_arm_ik_ctrl,12,-48.3175,46.18266,39.1569,0.7548155140695303,-0.47931788335362846,0.4477810920721733,0.6504884600479579,0.45918318219164667,-0.6049922053520932,0.08437003653185766,0.7479339355115198,0.6583893415342189
0,arm_L_arm_ik_ctrl,12,-32.12856,10.32467,-7.19793,0.6271342885971108,0.2839535111638031,0.7253088911377991,-0.19722219419924616,0.9587268120541572,-0.20480797338899517,-0.7535290241132259,-0.014604908292095403,0.6572523917588653
0,arm_L_arm_ik_ctrl,12,-27.11711,-41.21137,-7.5426,0.8257179358799096,0.33750162256839467,-0.45197626611352326,0.044812089641222325,0.7594778121043666,0.6489879271166387,0.5623004241401642,-0.5561349725425163,0.6119902983928145
0,arm_L_arm_ik_ctrl,12,24.55596,1.70362,-12.03748,0.6904756598299628,0.5079776037713374,0.5149777832577903,-0.3303186280759432,0.854788653097051,-0.40028235344885754,-0.6435316364627338,0.10627846726058657,0.7580052244334048
0,arm_L_arm_ik_ctrl,12,-24.44725,12.47212,5.52941,0.8426712344577408,-0.2339842369071798,-0.4849294458954124,-0.07415643577165248,0.841620008165838,-0.5349547503187345,0.5332973032475523,0.4867516191384468,0.6918575341896543
0,arm_L_arm_ik_ctrl,12,28.74014,40.99069,8.65767,0.8260753411441749,-0.3584481063082173,0.4348729536745046,0.5042485849620042,0.8147079006304164,-0.28632918330864493,-0.25166027759134185,0.4558135493098382,0.8537570573343546
0,arm_L_arm_ik_ctrl,12,28.15583,6.18261,48.27436,0.7388410634163949,0.6555037465588562,-0.15629690098346025,-0.5938270278159001,0.5236738268946142,-0.6108479222039507,-0.3185645053126053,0.5441328525947065,0.7761675686873826
0,arm_L_arm_ik_ctrl,12,-14.74801,-28.60124,34.8432,0.7348383995462147,-0.04984461893774944,-0.6764081907511976,0.3370211603583684,0.8922937288183277,0.30038082325971416,0.5885824190570567,-0.4486952367414158,0.6724903869220048
0,arm_L_arm_ik_ctrl,12,-17.58733,16.85907,27.78569,0.9727252910428562,-0.23149097380070904,-0.01474575241858439,0.2201425280947547,0.9012689009044623,0.37316435465691605,-0.07309429177193578,-0.3662325727065548,0.9276480621437729
0,arm_L_arm_ik_ctrl,12,30.4103,-5.78222,-47.56713,0.7986859532328234,-0.38630815626668824,0.4613748546576939,0.5231960042823914,0.8245690695875759,-0.2152946599022347,-0.29726535151530176,0.41334230110322745,0.8606866171302845
0,arm_L_arm_ik_ctrl,12,-5.60406,-44.81834,7.34152,0.6553206408501974,0.7553342283840686,-0.005006106983495573,-0.6518866140170071,0.5688936224286238,0.501401923436159,0.381573977285045,-0.32531561565882744,0.8652000058179554
0,arm_L_arm_ik_ctrl,12,-47.03008,26.74364,-27.64319,0.7498583106312509,0.18137393733392745,-0.6362515295331204,-0.5712242448278464,0.6626798001456677,-0.484312238746611,0.3337894187929017,0.7266078566426917,0.6005211458117112
0,arm_L_arm_ik_ctrl,12,46.78402,-0.14637,8.2631,0.5999058411485623,-0.6140712287188373,-0.5128640246844901,0.7961787062792538,0.5213512511036283,0.3070705792487695,0.07881909301260412,-0.592544849806678,0.8016720972718533
0,arm_L_arm_ik_ctrl,12,44.86218,45.64409,39.28441,0.8658935407142765,-0.25446407451080827,-0.4306697237241684,0.3762858645952878,0.8986186151803066,0.22559594978014313,0.3296017661589066,-0.35739700507249056,0.8738592887359747
0,arm_L_arm_ik_ctrl,12,40.15014,-30.1822,32.46571,0.9947843575024473,-0.09776681761367738,-0.029081462173294624,0.05003284214044365,0.7161599035297999,-0.6961405801154942,0.08888642627416332,0.6910547315154434,0.7173162212541455
0,arm_L_arm_ik_ctrl,12,-35.57602,17.43797,11.84744,0.9037738072994858,-0.42787442974703405,-0.010787845384603,0.3321337165162061,0.7169982598521949,-0.6128627005472406,0.26996314487819284,0.5503062490446339,0.7901157716878592
0,arm_L_arm_ik_ctrl,12,8.09419,-39.46879,-16.52361,0.8126127050257115,-0.2784389902156987,0.5119885939730084,0.44558860303589337,0.8630607095268024,-0.23785921995082196,-0.375647958167374,0.4214237064982872,0.8254033384509226
0,arm_L_arm_ik_ctrl,12,-4.79341,-26.65494,42.14329,0.8174453262181971,0.4431058935223843,0.36802215391162896,-0.37553193462819623,0.8944409648950321,-0.24279853045693683,-0.43675955023150825,0.060270452490199786,0.897556999771155
0,arm_L_arm_ik_ctrl,12,-39.20556,24.74416,-49.86849,0.7506896235677153,0.4642712635163482,0.4700183857475106,-0.3594243697601999,0.8839472117555444,-0.2990843513995373,-0.5543277112775845,0.05558345709410743,0.8304404059336362
0,arm_L_arm_ik_ctrl,12,-22.40821,-25.95082,43.169,0.8210917470799474,0.4934434234477453,0.28691798607506097,-0.5681622677907526,0.7547782100792327,0.327874200034798,-0.05477207624391117,-0.43223077336737464,0.9000980936643364
0,arm_L_arm_ik_ctrl,12,40.02239,30.47507,-34.83006,0.9861342717634973,-0.04110696174439564,-0.16077753496562133,-0.016163422621329672,0.9404361664137105,-0.3395858664170935,0.16516035184826014,0.3374759763260617,0.9267319049110861
0,arm_L_arm_ik_ctrl,12,-15.77003,-8.54091,4.77959,0.73658200425833,0.2426042760429694,0.6313399371562426,-0.25843617392232665,0.9635783682686333,-0.06875661577729895,-0.62502615546165,-0.11251619194775869,0.772452206637022
0,arm_L_arm_ik_ctrl,12,-14.87625,-2.46322,9.36797,0.6680463396457937,0.09436176824830678,0.738112420149471,-0.24282634363374844,0.9652706785068386,0.09637366887491765,-0.7033842868043907,-0.24361521690567772,0.6677590667064568
0,arm_L_arm_ik_ctrl,12,28.96639,34.23745,-27.86145,0.8506946623676985,0.29343342983461773,0.43613692078818556,-0.5173905188302563,0.6139945675097929,0.5960853312177885,-0.09287433684105498,-0.7327397173102841,0.6741415758076188
0,arm_L_arm_ik_ctrl,12,-1.6567,24.40731,-35.70377,0.6376302761785579,0.27673189012428273,-0.7189207827630927,-0.3393302914465148,0.9387274312003844,0.06038015583576156,0.6915797742901967,0.2054513833006958,0.6924645441411071
0,arm_L_arm_ik_ctrl,12,-42.54127,25.17551,39.3334,0.7009351081552304,0.7116314230997957,0.04765177659201106,-0.6056747276600468,0.6291887794011133,-0.4871135433855903,-0.3766272672408937,0.31257350740697265,0.872037673519877
0,arm_L_arm_ik_ctrl,12,25.91752,28.70655,37.14136,0.8024744375315681,-0.13709278080764617,0.5807239848317096,0.1550604848422642,0.9877241013103469,0.01890359043011072,-0.5761866218065765,0.07487769454980633,0.8138810156958022
0,arm_L_arm_ik_ctrl,12,-12.66638,-20.06364,-3.32149,0.950426960503556,-0.123066148316758,0.2855579028611355,-0.10616172551356734,0.7347409132443257,0.669989162927936,-0.29226406002783506,-0.6670910833936938,0.6852526582747958
0,arm_L_arm_ik_ctrl,12,6.17928,38.61649,26.34497,0.9938212508473049,0.04518564803516066,-0.10137839304280222,0.04338331230533555,0.682577832785188,0.7295240848688227,0.10216266234645624,-0.7294146690339579,0.6764000524987899
0,arm_L_arm_ik_ctrl,12,31.48915,-43.27859,-34.75481,0.7640134159969363,0.48990134600148044,0.41985732262594855,-0.45985278728720913,0.8699200423087649,-0.17825412762037673,-0.4525692369139521,-0.05688401511368966,0.8899130826230551
0,arm_L_arm_ik_ctrl,12,9.55187,-45.78578,-30.06512,0.794642254408974,-0.14371033946452885,-0.5898228766662186,0.3435517491679923,0.9074869575967246,0.24174287463222835,0.5005156172902462,-0.3947337838630363,0.770499420327967
0,arm_L_arm_ik_ctrl,12,14.93994,21.10711,21.29919,0.866078182041879,-0.11628560120966926,0.4861956823567439,-0.12103033847092774,0.8948604635654034,0.4296235653652207,-0.4850363282895897,-0.43093202445260115,0.760945037792176
0,arm_L_arm_ik_ctrl,12,3.98766,-36.74691,-47.88521,0.777173750671041,0.11126217330956807,0.6193720126534119,0.19679377735714204,0.8919077628855331,-0.4071520007294956,-0.5977233226681173,0.43831640545952105,0.6712715979718122
0,arm_L_arm_ik_ctrl,12,-44.70214,21.14714,-39.91252,0.7103351806871953,-0.7028481403799458,0.03779447899550003,0.6294029214521152,0.6583101590381509,0.41289187080240136,-0.3150807730497564,-0.26950366615616955,0.9099955386609057
0,arm_L_arm_ik_ctrl,12,-15.57542,-10.67813,-22.31912,0.6207806615602537,0.21910825831432634,0.7527436093194523,-0.5678008717987422,0.7877146141031366,0.23897250200166342,-0.5405862930350732,-0.5757579854998184,0.6134078593528036
0,arm_L_arm_ik_ctrl,12,-45.43907,-29.6553,20.9124,0.7428675914910112,-0.32037162735108465,-0.5878007841954294,0.006449024210167768,0.8814347021322699,-0.4722618722316393,0.6694073136731333,0.34703729808972167,0.6568553586106343
0,arm_L_arm_ik_ctrl,12,-43.28977,-17.44004,-49.63246,0.8530313995242608,0.30019328739455425,-0.4268740114236653,-0.45740662956659317,0.8238813110683818,-0.3346621587523361,0.25123018659032675,0.4807323324631857,0.8401070276282032
0,arm_L_arm_ik_ctrl,12,26.38816,14.47808,-9.05619,0.6506900653980066,0.6960381607195295,-0.30353470578257186,-0.7356534205182762,0.47876694681986876,-0.47916203471533636,-0.18819267698850095,0.5350823202601217,0.8235717496811958
0,arm_L_arm_ik_ctrl,12,-40.92418,34.2108,10.04522,0.8711894424713642,0.14517413968145104,-0.46899192369824905,-0.366546979500237,0.8278460549405009,-0.4246342204046936,0.3266072062059969,0.5418444227702262,0.7744238854575147
0,arm_L_arm_ik_ctrl,12,-10.30935,-41.45415,8.39065,0.9569331396560345,-0.2886164820555279,0.03129684511153519,0.24934664694923872,0.7619108899090682,-0.5977608597868745,0.14867822935189937,0.5798209397079955,0.8010633320736389
0,arm_L_arm_ik_ctrl,12,-6.55832,22.45417,3.6214,0.7450256010532598,-0.3878154518979782,-0.5427117366009284,0.4591127299741218,0.8883663451077651,-0.004553905530455703,0.4838929168224494,-0.2457730907748813,0.839906681066429
0,arm_L_arm_ik_ctrl,12,-49.13522,-19.49122,23.60429,0.5235737558238063,0.5656262097524438,-0.6371322571127892,-0.3636774465540033,0.8246473139190647,0.4332384130176264,0.7704604059135766,0.004878369313183779,0.6374691870454061
0,arm_L_arm_ik_ctrl,12,0.59767,16.90652,35.34819,0.7911893308126118,0.2475535664555455,0.5592286424562242,-0.015015986374456152,0.9220005531271105,-0.38689727342862523,-0.6113869175583443,0.2977116251818898,0.733194261618341
0,arm_L_arm_ik_ctrl,12,-22.09376,28.0579,-44.41523,0.903627383314945,0.1039293513028284,0.41551924391194983,-0.3040376204980991,0.8389540916294503,0.45135037106449555,-0.301693018555682,-0.5341860369533982,0.7897003232105099
0,arm_L_arm_ik_ctrl,12,5.70381,-47.6639,46.54727,0.824272064313536,-0.5100030123927801,-0.24591155186894317,0.4135791904019197,0.8389661398574709,-0.353677917658351,0.3866882688404121,0.18982292675792456,0.9024629849574224
0,arm_L_arm_ik_ctrl,12,-11.52954,18.05683,22.69919,0.5600342188943613,-0.6219834136324999,0.5472643847661254,0.7932462941486444,0.5931426563091959,-0.13763032400569755,-0.2390020721391867,0.5111931361359754,0.8255662221049509
0,arm_L_arm_ik_ctrl,12,6.4896,24.078,-47.90028,0.9394424909572325,0.2554130772343795,-0.22849937890886046,-0.06910215782138941,0.7942302790358736,0.60367471012709,0.33566754083244016,-0.5513278732662291,0.7637832665038158
0,arm_L_arm_ik_ctrl,12,-10.37371,48.23724,20.53231,0.8205715613577933,-0.5623553515903429,-0.10207238230067467,0.34776532317211545,0.6329894218173444,-0.6916528550265213,0.4535654227229268,0.5320534281489462,0.7149808087670093
0,arm_L_arm_ik_ctrl,12,-34.78537,-27.9502,-48.01001,0.9451523994050156,-0.32608931150628667,-0.01878038392305823,0.32009265364164374,0.9361499211832781,-0.14547858314264986,0.06502026594525943,0.13148796899297702,0.9891831372534156
0,arm_L_arm_ik_ctrl,12,1.72835,-14.46507,-20.08174,0.8784722564843102,-0.46668554767067255,0.10242604250232888,0.461725974509684,0.8843205391655415,0.06918315165593616,-0.12286423015038593,-0.013482715056328354,0.9923318987840021
0,arm_L_arm_ik_ctrl,12,-45.59528,41.91443,-40.05449,0.520445217551312,-0.5391723398178392,0.662140440921202,0.8374986521146148,0.4735428992026586,-0.27267770411411413,-0.16653162832978935,0.6964555338211458,0.6980092450503301
0,arm_L_arm_ik_ctrl,12,35.87557,14.19626,20.80409,0.968415264987052,0.13092696387117037,0.21220274426014094,-0.12510630770734604,0.9913086660499953,-0.04068833230808704,-0.2156856191587478,0.012855300294264887,0.9763782335460228
0,arm_L_arm_ik_ctrl,12,46.03254,-26.43964,-24.83902,0.8844860343516239,-0.3776378988689788,0.2739964824131159,0.46239183254929983,0.787880354360446,-0.40674112209679314,-0.062275582924917784,0.4864505777061848,0.8714858502699172
0,arm_L_arm_ik_ctrl,12,-19.96376,-39.12021,44.80756,0.6573689750662541,0.5716308997941413,0.49102356870203595,-0.5370709339516975,0.8124677586157006,-0.22682802541624147,-0.5286027265580401,-0.11460478005092095,0.8410974389836685
0,arm_L_arm_ik_ctrl,12,19.82234,-15.97566,-45.98513,0.7165011890801319,-0.2813768573379024,0.638320538758861,0.12421752284153666,0.9518809810493662,0.28016531715329857,-0.6864372171334164,-0.12144818677584991,0.7169757909880842
0,arm_L_arm_ik_ctrl,12,24.75061,-26.69939,-25.01413,0.9852697303905713,-0.016691541215310107,0.17019092463450747,0.08042068102286674,0.9235315896872726,-0.37499588919549187,-0.15091743583797507,0.3831589687082333,0.9112700654902112
0,arm_L_arm_ik_ctrl,12,-25.45319,-40.64063,-21.93265,0.7996883612218856,0.39536537783397685,0.4518680592124782,-0.5908197725512495,0.6521796412363406,0.47496706403636835,-0.10691361601192206,-0.6467982170407047,0.7551301511290756
0,arm_L_arm_ik_ctrl,12,27.88164,-26.47546,-19.38736,0.8087172972290356,0.3604095518489779,0.464845445388661,0.03373677129648945,0.7605652985917136,-0.6483843434573247,-0.5872292256223732,0.5400420182857224,0.6029232580194859
0,arm_L_arm_ik_ctrl,12,-16.78978,-6.01987,-10.80985,0.9540573989585232,0.2995947203268374,-0.004181273105342808,-0.29888022491505606,0.952579346215795,0.05712442838063317,0.02109717154556339,-0.05325028371166318,0.9983583107469004
0,arm_L_arm_ik_ctrl,12,-43.62165,-30.99685,-42.31755,0.8815822771804399,-0.11400582627413718,0.4580560665867239,0.10010559596445935,0.9934774593104974,0.05460226642328574,-0.4612933537543657,-0.0022824148418532568,0.8872447420889793
0,arm_L_arm_ik_ctrl,12,20.00451,-26.05151,22.79776,0.8042295755873216,-0.48413930692782897,-0.34470845832105396,0.5816129765836764,0.5218390264662858,0.6240275442047372,-0.1222339364502036,-0.7023483195282527,0.7012600821633348
0,arm_L_arm_ik_ctrl,12,-1.59491,35.67097,5.02083,0.6883286596749852,-0.1624480202962806,0.7069754571212903,0.11450998622847733,0.9867157480128954,0.11523669414429563,-0.7163037898294217,0.001635030633111171,0.6977866488768875
0,arm_L_arm_ik_ctrl,12,-10.09419,31.60866,18.70328,0.7761492113671036,0.35530739779290177,-0.5209117533401024,-0.6260980825802401,0.5322516253664626,-0.5698327809841282,0.07479032479920017,0.7684171135317037,0.6355639597617495
0,arm_L_arm_ik_ctrl,12,41.96183,19.54263,-27.96652,0.728764270101114,0.6823163323803705,0.05785379150055848,-0.5873761395907583,0.6663110574645532,-0.45936787582495037,-0.35198282523931246,0.30078895802118255,0.8863600247467633
0,arm_L_arm_ik_ctrl,12,2.88061,-27.48035,3.2247,0.6998620858584295,0.469655445170188,-0.53816059276008,-0.26455640885359505,0.870289751925068,0.41545836642038286,0.6634779327998616,-0.14838972510317608,0.7333331590562546
0,arm_L_arm_ik_ctrl,12,20.49957,-19.80621,43.92214,0.959509965792647,0.27417258720418014,-0.06457567630586242,-0.17625668184113466,0.7632439797792867,0.6216045442538438,0.21971392229657705,-0.5850538605602411,0.7806649554018751
0,arm_L_arm_ik_ctrl,12,35.45097,46.20921,32.26238,0.5830938566801956,0.2759874929931693,-0.7640892997635552,0.06017148318340884,0.9232730335009811,0.37940255431586767,0.8101734054591794,-0.26720368508170217,0.521748257079441
0,arm_L_arm_ik_ctrl,12,-21.89807,-26.67888,-41.95159,0.8550430728157913,-0.3442352110779675,0.3878188534404131,0.09478347653187633,0.8390302910972501,0.5357651194299559,-0.509820984470295,-0.42134343483122033,0.7500348483359747
0,arm_L_arm_ik_ctrl,12,18.24769,12.83202,2.51745,0.869471387471847,-0.4932047413655832,0.027723446075288698,0.4151968608966948,0.7600527338662215,0.49993140373856637,-0.2676398196631285,-0.42316536346562084,0.8656211654607904
0,arm_L_arm_ik_ctrl,12,-15.81468,36.55953,35.7916,0.9993750258626757,-0.034017581131611456,-0.009610507579238196,0.03161668500049091,0.7385916392394327,0.6734112975553554,-0.01580958290266051,-0.673294285301429,0.7392055617139808
0,arm_L_arm_ik_ctrl,12,-15.31818,1.47072,-46.28443,0.5267013325059061,0.41709653885940823,0.7406862923046469,-0.06715140623087046,0.8890366991581399,-0.4528845727017159,-0.8473938841989123,0.18879678180917506,0.4962654332116828
0,arm_L_arm_ik_ctrl,12,17.32458,-0.46898,23.22623,0.8449735028229657,0.3990601359261055,-0.35604885541414943,-0.5327592419490338,0.5698616962849614,-0.6256398622411433,-0.04676932376011441,0.7183374242108399,0.6941210091426112
0,arm_L_arm_ik_ctrl,12,12.25259,40.50618,47.02051,0.6092406662388109,-0.3847244642285663,0.6934067328955874,0.17693253816485524,0.9183319876095177,0.35406388896877733,-0.7729946232280223,-0.0930239063746262,0.6275554679097084
0,arm_L_arm_ik_ctrl,12,29.58644,-41.00706,21.93504,0.6560197719768202,0.48334868629474603,0.5796655123712502,-0.10997007058339175,0.8210475520822604,-0.5601673864083946,-0.7466891202845831,0.303735023790262,0.5917773170473537
0,arm_L_arm_ik_ctrl,12,-38.12824,32.75973,-35.01803,0.7022773880247695,-0.16498356515655682,0.6925221249153992,0.6064933104038418,0.648050439465568,-0.4606479049598222,-0.3727899337488832,0.7435126435621096,0.5551725985302111
0,arm_L_arm_ik_ctrl,12,36.39184,-44.13398,45.43093,0.9775652928971806,0.04668666048881282,-0.20539341239497397,-0.11005629198045502,0.9446434485166628,-0.3090895788765125,0.1795931811577554,0.3247600820712874,0.9285888101709434
0,arm_L_arm_ik_ctrl,12,18.81569,25.32317,-14.58996,0.8358255500147292,-0.4147052350036375,-0.3597432667933526,0.5282918388250547,0.7858188004013167,0.32155333300508343,0.14934317183392715,-0.45881192333723575,0.8758928222277933
0,arm_L_arm_ik_ctrl,12,-16.4644,-0.38975,46.1942,0.8862915893480503,0.4625196400958727,-0.02372343095952477,-0.44724746911809204,0.8680767385623726,0.21543555262392433,0.12023693283832679,-0.18032847388168813,0.9762298507468069
0,arm_L_arm_ik_ctrl,12,47.79939,2.56801,-7.55971,0.8634295833245331,-0.3801068115427547,0.33167479020694957,0.42748155548739347,0.9003907167054783,-0.08096960533850558,-0.2678598035504799,0.21169640783299948,0.9399126324039393
0,arm_L_arm_ik_ctrl,12,44.61885,28.85721,18.00886,0.7190863631196713,-0.6812560898348542,-0.13713111404145095,0.6536278934957723,0.7300674395187186,-0.1994294627151703,0.23597749727379425,0.053774285839119806,0.9702695228455283
0,arm_L_arm_ik_ctrl,12,-37.418,-2.91566,-4.85116,0.6517531010040546,0.1572291383271691,-0.7419547785360602,0.17013693262805424,0.9230333935368196,0.3450547472095113,0.7391016976624498,-0.35112441167882175,0.5748393932531816
0,arm_L_arm_ik_ctrl,12,42.70748,1.66768,22.06106,0.9860002378855531,0.1308174184306528,0.10339407103297665,-0.025041864273108585,0.7292185005393591,-0.6838225526442189,-0.16485277044490315,0.6716600192852542,0.7222855270392534
0,arm_L_arm_ik_ctrl,12,-4.17457,-47.88608,36.53739,0.6362719019053763,0.1370528039527346,-0.7591933849648643,0.27917789289371736,0.8764906519069816,0.3922038261403101,0.7191785390048422,-0.46149828390620024,0.5194242610684381
0,arm_L_arm_ik_ctrl,12,33.67724,22.41729,29.83601,0.8919880789932235,0.296969799719591,-0.3408316373057011,-0.1736799595627804,0.9212174588319255,0.3481288054578655,0.4173637964417253,-0.2513311194375967,0.8732926942451736
0,arm_L_arm_ik_ctrl,12,-22.89119,35.64653,-22.16805,0.9500334064049522,0.2244225673288052,-0.21695860892841007,-0.1908407160699477,0.9676140210578837,0.16523597472131368,0.24701487365037855,-0.11557515963969468,0.9620946079620997
0,arm_L_arm_ik_ctrl,12,-11.24437,43.30186,6.21464,0.6238576849759817,-0.3030396288054402,0.7203947336494554,0.7620035371265901,0.4406531630474596,-0.47452650010598413,-0.17364388357490257,0.8449803389841268,0.5058221312154063
0,arm_L_arm_ik_ctrl,12,-5.52143,-11.75549,7.79738,0.9875745039676659,-0.0188298025476748,0.15601935023910962,0.030703445128827354,0.9967820083518467,-0.0740467844222836,-0.15412299494312806,0.07791704795533924,0.9849746372712781
0,arm_L_arm_ik_ctrl,12,27.69282,-48.37793,18.66906,0.8231073849024189,-0.23820769253070143,-0.5155107449300161,0.3123598505311415,0.9480241367301708,0.06067585972342923,0.47426317240037125,-0.21096760745719512,0.8547321872426021
0,arm_L_arm_ik_ctrl,12,3.81932,-11.83611,36.5701,0.5938089527172244,-0.30616879046369966,-0.7440776837258783,0.6160148358079282,0.7679048173616688,0.17563574105879792,0.5176066554222466,-0.562656967626579,0.6445932725710521
0,arm_L_arm_ik_ctrl,12,-12.51962,-24.90447,16.19992,0.867895894254765,0.3296822031807833,-0.37157282145171294,-0.4772579277169374,0.760873656564439,-0.4396545793888592,0.13777368096649054,0.5589104791038767,0.8177025676741017
0,arm_L_arm_ik_ctrl,12,-44.47018,14.04929,29.53219,0.6407640709387483,0.12529904345620735,-0.7574440937144882,-0.6639454041057236,0.5858098048031279,-0.4647616302615876,0.38548398898124203,0.8007040791113036,0.45855759936307794
0,arm_L_arm_ik_ctrl,12,-1.11495,-6.77405,-12.49506,0.8012012700058581,-0.3864329323926102,-0.45688741906890823,0.005633888471261366,0.7683590020277987,-0.6399942994305015,0.598368435198326,0.5101901927372706,0.6177873282878287
0,arm_L_arm_ik_ctrl,12,-18.29359,-39.84458,3.13111,0.5482497954939302,0.3654272009593846,0.7522533632625741,-0.5799475235065475,0.8142012431769898,0.027151530116493496,-0.6025637159002247,-0.4511532959073157,0.6583142652810128
