No.,jointName,dimension,rotMtx_00,rotMtx_01,rotMtx_02,rotMtx_10,rotMtx_11,rotMtx_12,rotMtx_20,rotMtx_21,rotMtx_22
<<<<<<< HEAD
0,arm_L_elbow_ik_bind_anim,9,0.40787808683907484,0.0,0.9130363992067873,-0.0,1.0,0.0,-0.9130363992067873,-0.0,0.40787808683907484
1,arm_L_humerus_ik_bind_anim,9,0.430512381572118,0.26412543509129716,0.8630740662602117,-0.18835588755193475,0.9614622673985064,-0.2002807229701498,-0.8827123817742821,-0.0763417507446347,0.46367099128112177
2,arm_L_wirst_ik_bind_anim,9,0.8398557886109008,-0.0258615574548128,-0.5421931705423568,0.24306290353531523,0.911042754565802,0.3330488316720806,0.4853479981021287,-0.4115000354789381,0.7714305163390212
0,arm_L_elbow_ik_bind_anim,9,0.39781242167270336,0.0,0.9174667716941574,-0.0,1.0,0.0,-0.9174667716941574,-0.0,0.39781242167270336
1,arm_L_humerus_ik_bind_anim,9,0.44221089812697967,0.25807017057916126,0.8589815531400967,-0.18342643388525393,0.9634907685538557,-0.19503918135502643,-0.8779545916104482,-0.07131147150874755,0.4734030091807492
2,arm_L_wirst_ik_bind_anim,9,0.8417310754932229,-0.019470657479349947,-0.5395458183012299,0.23559281852274494,0.9124301364297851,0.3346151072429827,0.4857826884621672,-0.4087690541516636,0.7726079471235221
0,arm_L_elbow_ik_bind_anim,9,0.36985736317483986,0.0,0.9290885484739088,-0.0,1.0,0.0,-0.9290885484739088,-0.0,0.36985736317483986
1,arm_L_humerus_ik_bind_anim,9,0.4751357171259365,0.24064319079525429,0.8463668855969619,-0.169557677682123,0.968888461494547,-0.18029238231765302,-0.8634212438029698,-0.05784465322403038,0.5011564145485163
2,arm_L_wirst_ik_bind_anim,9,0.8473828596968902,-0.00048777872430491587,-0.5309821571049602,0.21331115129267858,0.9160708245128073,0.3395770858150138,0.4862516239830079,-0.4010162173133917,0.7763667636018083
0,arm_L_elbow_ik_bind_anim,9,0.3286835563713397,0.0,0.9444401091499071,-0.0,1.0,0.0,-0.9444401091499071,-0.0,0.3286835563713397
1,arm_L_humerus_ik_bind_anim,9,0.5253445516677084,0.21291332400522348,0.8238209869225847,-0.1483333732689533,0.9762787716972837,-0.15772434912814204,-0.8378605566606582,-0.039340518480180324,0.5444648851836111
2,arm_L_wirst_ik_bind_anim,9,0.8569246874596146,0.03168201674985728,-0.5144670347426584,0.17529901392849756,0.9206997469627793,0.34868643744540806,0.48471675825985056,-0.38898358031841884,0.7834165166147098
0,arm_L_elbow_ik_bind_anim,9,0.2802897377172738,0.0,0.9599154457192475,-0.0,1.0,0.0,-0.9599154457192475,-0.0,0.2802897377172738
1,arm_L_humerus_ik_bind_anim,9,0.5882109322388908,0.1762634989848542,0.7892648973065199,-0.12152368945558698,0.9841416954367024,-0.1292173216100499,-0.7995247914203518,-0.01990734107281327,0.6003030948409758
2,arm_L_wirst_ik_bind_anim,9,0.8697966447209251,0.07797097376787611,-0.48721075940696335,0.119936122332846,0.9244087361912607,0.3620549889354333,0.4786116624069887,-0.3733483838226239,0.7946960808416343
0,arm_L_elbow_ik_bind_anim,9,0.23147823940396284,0.0,0.9728400817618699,-0.0,1.0,0.0,-0.9728400817618699,-0.0,0.23147823940396284
1,arm_L_humerus_ik_bind_anim,9,0.6586161849558865,0.13272477725591514,0.7406813447201983,-0.09096293456698355,0.991146129279012,-0.09672173980132251,-0.7469608192195332,-0.003672045424525823,0.6648579176284841
2,arm_L_wirst_ik_bind_anim,9,0.8839411867817001,0.13848707002698635,-0.4466198716428772,0.045977737449296466,0.9247661749292921,0.37774802364233395,0.4653321673493066,-0.35444160752088105,0.8110715880167487
0,arm_L_elbow_ik_bind_anim,9,0.1892623091265201,0.0,0.9819265646391778,-0.0,1.0,0.0,-0.9819265646391778,-0.0,0.1892623091265201
1,arm_L_humerus_ik_bind_anim,9,0.7310963682932516,0.08505488966445586,0.6769518195651634,-0.05840851298230552,0.9963589999228438,-0.062106270890679265,-0.679769479955973,0.005865919954945321,0.7334023759870623
2,arm_L_wirst_ik_bind_anim,9,0.8956038432250619,0.21134934545713513,-0.39143991898545477,-0.04613317835186289,0.919313820535334,0.39081175676773483,0.4424539364223738,-0.3319541437421267,0.8330912078498833
0,arm_L_elbow_ik_bind_anim,9,0.1601977808559597,0.0,0.987084936066206,-0.0,1.0,0.0,-0.987084936066206,-0.0,0.1601977808559597
1,arm_L_humerus_ik_bind_anim,9,0.8001115441115566,0.0365288138058359,0.5987379750286086,-0.025407071081057296,0.9993120856564748,-0.027015480746944768,-0.5993129380536535,0.0064032197248738406,0.8004892260728138
2,arm_L_wirst_ik_bind_anim,9,0.9002518513677521,0.2918628505285058,-0.3230521329295164,-0.15274360119315414,0.9065867608199416,0.3934079783132932,0.4076959607397178,-0.3048221146626028,0.8607365926978692
0,arm_L_elbow_ik_bind_anim,9,0.14968185212949503,0.0,0.988734212588542,-0.0,1.0,0.0,-0.988734212588542,-0.0,0.14968185212949503
1,arm_L_humerus_ik_bind_anim,9,0.8606236132500307,-0.009532319569369969,0.509152365407536,0.006798651280009361,0.9999507572055758,0.0072292119050498035,-0.5091962044803894,-0.0027600810898763613,0.8606460406550087
2,arm_L_wirst_ik_bind_anim,9,0.8947574801045655,0.37251935490796734,-0.24624861830247907,-0.26579435331371604,0.8874004390772207,0.37666141622430493,0.35883479979437843,-0.2715691273773725,0.8930217217470249
0,arm_L_elbow_ik_bind_anim,9,0.16130442113353638,0.0,0.9869046983993819,-0.0,1.0,0.0,-0.9869046983993819,-0.0,0.16130442113353638
1,arm_L_humerus_ik_bind_anim,9,0.9089820383955245,-0.05039666925719933,0.41377751219960923,0.03730428599808879,0.9985163915501787,0.039666182722603804,-0.41516267187753053,-0.020620172971889845,0.9095134767259467
2,arm_L_wirst_ik_bind_anim,9,0.8800319227135628,0.4441249422702763,-0.16821667770614662,-0.37299772203700743,0.8656149467694935,0.3340411101712638,0.29396685928905864,-0.23122240285636417,0.927426377701786
0,arm_L_elbow_ik_bind_anim,9,0.19636784150886866,0.0,0.9805303008174443,-0.0,1.0,0.0,-0.9805303008174443,-0.0,0.19636784150886866
1,arm_L_humerus_ik_bind_anim,9,0.9437428065552971,-0.08449970983263314,0.3197019144661663,0.0655240746247725,0.9954156549201876,0.069672588471947,-0.32412360407674473,-0.04480483208332379,0.944953129156302
2,arm_L_wirst_ik_bind_anim,9,0.8620807439256775,0.4977643944504067,-0.09511781415681556,-0.4601158138787728,0.8474677813208824,0.2647485551268136,0.21239168715188697,-0.18446942088183865,0.9596149248465731
0,arm_L_elbow_ik_bind_anim,9,0.25367787024643207,0.0,0.9672887563428174,-0.0,1.0,0.0,-0.9672887563428174,-0.0,0.25367787024643207
1,arm_L_humerus_ik_bind_anim,9,0.9658478921838423,-0.11167344227155372,0.2338095195992903,0.09113587846348462,0.9911122535029016,0.0969058956570181,-0.24255329480491067,-0.07228791909871164,0.9674411382258149
2,arm_L_wirst_ik_bind_anim,9,0.8495538699098589,0.5267597494072449,-0.02797120886910419,-0.5146593856396078,0.8393339958255751,0.1750547349389182,0.1156889748171532,-0.13432278234123224,0.9841612933101291
0,arm_L_elbow_ik_bind_anim,9,0.3296410406672765,0.0,0.9441063416309601,-0.0,1.0,0.0,-0.9441063416309601,-0.0,0.3296410406672765
1,arm_L_humerus_ik_bind_anim,9,0.977943669298916,-0.1328864060386709,0.1611439814833244,0.11401238522735728,0.9860549100734958,0.12123073180806311,-0.17500673042183604,-0.10018441700222314,0.9794568530042472
2,arm_L_wirst_ik_bind_anim,9,0.8484411852983218,0.5278769983231338,0.038644918565536104,-0.5292303106320876,0.844988345975791,0.07687635184737295,0.007926752036162842,-0.08567712533958634,0.9962914216210547
0,arm_L_elbow_ik_bind_anim,9,0.41862138905899593,0.0,0.908160851734051,-0.0,1.0,0.0,-0.908160851734051,-0.0,0.41862138905899593
1,arm_L_humerus_ik_bind_anim,9,0.9832444050391212,-0.1496520338176742,0.10408990697228143,0.13415435198991157,0.9806396819945491,0.14264790198175561,-0.12342224192353424,-0.12629363749557357,0.9842849523012659
2,arm_L_wirst_ik_bind_anim,9,0.8576351747539658,0.5016569641225556,0.11314679567745273,-0.5033320373473995,0.863957046614779,-0.015332376997208306,-0.10544556512461996,-0.04380082136226779,0.9934599744547036
0,arm_L_elbow_ik_bind_anim,9,0.5134739795956497,0.0,0.8581051638803987,-0.0,1.0,0.0,-0.8581051638803987,-0.0,0.5134739795956497
1,arm_L_humerus_ik_bind_anim,9,0.9845790362722787,-0.16341668593302974,0.062442838595121244,0.15163400603738644,0.9751977537605718,0.16123420627580562,-0.08724247558503082,-0.1492793616646343,0.9849387913138533
2,arm_L_wirst_ik_bind_anim,9,0.86904168394019,0.4521460447657856,0.20082456467537838,-0.44365387573927856,0.8918560185113719,-0.08811402150940735,-0.21894700298454836,-0.012521838830607531,0.9756564013198419
0,arm_L_elbow_ik_bind_anim,9,0.606197561587476,0.0,0.7953140991617076,-0.0,1.0,0.0,-0.7953140991617076,-0.0,0.606197561587476
1,arm_L_humerus_ik_bind_anim,9,0.9839600425106425,-0.1751375342604107,0.03390396489553634,0.16655049020561918,0.9699991094771293,0.17709506437460112,-0.06390280866067045,-0.16860774509719179,0.9836096071808763
2,arm_L_wirst_ik_bind_anim,9,0.8724814653821461,0.3862409561984715,0.29932259573829934,-0.3629014904366549,0.922372112796295,-0.13240919067252582,-0.32722866745362855,0.006899948593232175,0.9449199912722417
0,arm_L_elbow_ik_bind_anim,9,0.6886801364648426,0.0,0.7250652864665122,-0.0,1.0,0.0,-0.7250652864665122,-0.0,0.6886801364648426
1,arm_L_humerus_ik_bind_anim,9,0.9826175802950532,-0.1850736398502629,0.014506506390923286,0.1789954306607757,0.9652646916726788,0.19032790339992636,-0.04922729626597591,-0.18442294554263963,0.9816133915446134
2,arm_L_wirst_ik_bind_anim,9,0.8622285003275518,0.3127834894275631,0.3984074572148701,-0.2769778760214036,0.9496951462257548,-0.14615876788586518,-0.4240816777668814,0.015672203953489307,0.9054883282547972
0,arm_L_elbow_ik_bind_anim,9,0.7534834007228152,0.0,0.6574669306019745,-0.0,1.0,0.0,-0.6574669306019745,-0.0,0.7534834007228152
1,arm_L_humerus_ik_bind_anim,9,0.9812536303514802,-0.19271695930844396,-0.0012192280132108486,0.18902475050260567,0.9611824927958262,0.20099218701290072,-0.037562702504855834,-0.19745477744969545,0.9795920856370895
2,arm_L_wirst_ik_bind_anim,9,0.8413868708214696,0.241699474383196,0.4833730419584262,-0.20111149277855256,0.9702120363386455,-0.13506580624273865,-0.5016196777257027,0.016430722032387792,0.864932211385295
0,arm_L_elbow_ik_bind_anim,9,0.7944405755661601,0.0,0.6073418904489531,-0.0,1.0,0.0,-0.6073418904489531,-0.0,0.7944405755661601
1,arm_L_humerus_ik_bind_anim,9,0.9802325868316335,-0.19682621447942486,-0.02008773275070026,0.19663170329042104,0.9579254755577288,0.20908074167317992,-0.021910019955991428,-0.20889764137299058,0.9776920407031701
2,arm_L_wirst_ik_bind_anim,9,0.8218530625214308,0.18359660121656388,0.539304952365423,-0.14670381130180218,0.9829265382338679,-0.11105589666969437,-0.5504866350545401,0.01215353682310744,0.8347555068216196
0,arm_L_elbow_ik_bind_anim,9,0.8065193548279123,0.0,0.5912076879472798,-0.0,1.0,0.0,-0.5912076879472798,-0.0,0.8065193548279123
1,arm_L_humerus_ik_bind_anim,9,0.9794306756153677,-0.19565929617017092,-0.04932536351429939,0.2017146359928886,0.9556710653147409,0.214485478637703,0.00517274490777216,-0.22002330499831482,0.9754809008728658
2,arm_L_wirst_ik_bind_anim,9,0.8191496573967321,0.14998957754900488,0.5536216807653829,-0.12091285788868811,0.9886698355553456,-0.08894963215300976,-0.5606905738319545,0.005923081093221922,0.828004225548612
0,arm_L_elbow_ik_bind_anim,9,0.8030156791073453,0.0,0.5959579004491585,-0.0,1.0,0.0,-0.5959579004491585,-0.0,0.8030156791073453
1,arm_L_humerus_ik_bind_anim,9,0.978093462985091,-0.1900049823784513,-0.08503695865443729,0.2043084842273809,0.954496351633941,0.21724354533611823,0.03989011078628527,-0.2298582636949571,0.9724062719216683
2,arm_L_wirst_ik_bind_anim,9,0.8326019979153343,0.13108883607064864,0.5381353269624997,-0.111201217768434,0.9913685655429546,-0.06944534844121539,-0.5425939570564815,-0.002020967824361883,0.8399926865484256
0,arm_L_elbow_ik_bind_anim,9,0.8003521069522292,0.0,0.5995302368497584,-0.0,1.0,0.0,-0.5995302368497584,-0.0,0.8003521069522292
1,arm_L_humerus_ik_bind_anim,9,0.9760188906328566,-0.18208694495935626,-0.11929572332307761,0.20463950948539977,0.9543452505934987,0.21759552804965251,0.07422800203011605,-0.23678996419823303,0.9687211758651798
2,arm_L_wirst_ik_bind_anim,9,0.852059564251352,0.10978058677110447,0.5118034014501939,-0.10139530030849594,0.9938560531078241,-0.044374979169436043,-0.5135304197836251,-0.01408433417417962,0.8579557911033201
0,arm_L_elbow_ik_bind_anim,9,0.7984021308364063,0.0,0.6021246029484977,-0.0,1.0,0.0,-0.6021246029484977,-0.0,0.7984021308364063
1,arm_L_humerus_ik_bind_anim,9,0.9732181688479291,-0.17225112119823047,-0.15223648403137782,0.20278948754638984,0.9551862779303978,0.21562837984399263,0.10827197035685661,-0.24072541556600355,0.9645353569131714
2,arm_L_wirst_ik_bind_anim,9,0.8757143113010537,0.08775641022339496,0.47478759192635217,-0.09167873480778642,0.995676579172393,-0.014938516378976235,-0.4740458359342107,-0.030446053147568868,0.879973626469095
0,arm_L_elbow_ik_bind_anim,9,0.7970978202638881,0.0,0.6038502007373668,-0.0,1.0,0.0,-0.6038502007373668,-0.0,0.7970978202638881
1,arm_L_humerus_ik_bind_anim,9,0.969686467663134,-0.16083537857347896,-0.18395688470432173,0.19883213870952685,0.9569572392445371,0.21142048830155724,0.1420349782525026,-0.24158812730885418,0.9599277273296214
2,arm_L_wirst_ik_bind_anim,9,0.9015732329124861,0.06681878853009926,0.4274353228210065,-0.08220159946505756,0.9964600704319048,0.017613207550852387,-0.424745338692627,-0.05101546367733056,0.9038743384589877
0,arm_L_elbow_ik_bind_anim,9,0.7964123249127818,0.0,0.6047540067887254,-0.0,1.0,0.0,-0.6047540067887254,-0.0,0.7964123249127818
1,arm_L_humerus_ik_bind_anim,9,0.9654142385497552,-0.1481690742286835,-0.2145256941431758,0.19283482569312788,0.9595686014733166,0.20504348091671787,0.1754710175650028,-0.239319920835601,0.9549533483296156
2,arm_L_wirst_ik_bind_anim,9,0.9275776427935974,0.04876421780801335,0.37043456595064944,-0.0731374040530355,0.9959638225655272,0.052028686981760476,-0.3664022880903671,-0.07535326935333077,0.9274002631441872
0,arm_L_elbow_ik_bind_anim,9,0.7963437313433734,0.0,0.6048443283607056,-0.0,1.0,0.0,-0.6048443283607056,-0.0,0.7963437313433734
1,arm_L_humerus_ik_bind_anim,9,0.9603952216136568,-0.13457134162265907,-0.24399092670739303,0.18486102024593604,0.9629063629321583,0.19656484787060574,0.20848842053046132,-0.2338843522740252,0.9496476653296596
2,arm_L_wirst_ik_bind_anim,9,0.9517274402199176,0.03524988863453169,0.3049136351226297,-0.06472815640114639,0.9940933683273491,0.08711280512355365,-0.30004190590874436,-0.10264414449367588,0.9483875970824427
0,arm_L_elbow_ik_bind_anim,9,0.7969005778260663,0.0,0.6041104775291368,-0.0,1.0,0.0,-0.6041104775291368,-0.0,0.7969005778260663
1,arm_L_humerus_ik_bind_anim,9,0.9546314569704851,-0.12034840070058414,-0.2723876719149025,0.17497333711830387,0.9668346777767067,0.1860511680858139,0.24096288647858882,-0.2252708776056574,0.9440285583829992
2,arm_L_wirst_ik_bind_anim,9,0.9722094441157219,0.027659227056616144,0.23247314668758962,-0.057312465023274,0.990900212086251,0.12178690832917473,-0.22698915860709074,-0.13172599153566228,0.9649477628497781
0,arm_L_elbow_ik_bind_anim,9,0.79808923457442,0.0,0.6025392714640402,-0.0,1.0,0.0,-0.6025392714640402,-0.0,0.79808923457442
1,arm_L_humerus_ik_bind_anim,9,0.9481355515123538,-0.10579032128762764,-0.2997455318769987,0.16323695135412575,0.9711985110108122,0.1735717428701805,0.2727502037963953,-0.21349908695880127,0.9380967253949792
2,arm_L_wirst_ik_bind_anim,9,0.9875226922117971,0.026985819993722123,0.15514734250392553,-0.051333935369212595,0.9865570301322385,0.15514526540042087,-0.148874979248608,-0.16117379382493904,0.9756327427561062
0,arm_L_elbow_ik_bind_anim,9,0.7999033080608293,0.0,0.6001289009482397,-0.0,1.0,0.0,-0.6001289009482397,-0.0,0.7999033080608293
1,arm_L_humerus_ik_bind_anim,9,0.9409304494516251,-0.09116775237459313,-0.32609558448670817,0.1497232126627675,0.9758265947230839,0.15920243911790408,0.30369861521696584,-0.19862250113749733,0.9318348851364078
2,arm_L_wirst_ik_bind_anim,9,0.996589233646048,0.03375499527459088,0.07530272023502932,-0.04732965945354362,0.981314209613393,0.1865002020021785,-0.06760031595188248,-0.18942814549283363,0.979564788555791
0,arm_L_elbow_ik_bind_anim,9,0.8023151960907031,0.0,0.5969005998672949,-0.0,1.0,0.0,-0.5969005998672949,-0.0,0.8023151960907031
1,arm_L_humerus_ik_bind_anim,9,0.933046995456655,-0.07672916637078439,-0.35147679766572526,0.13451325364067582,0.9805349250768693,0.14302952597102858,0.3336607391712545,-0.18073155710208008,0.9252062556009604
2,arm_L_wirst_ik_bind_anim,9,0.998837277521296,0.047997590779941465,-0.004508249457024363,-0.04590123993296714,0.9754445261816111,0.2154090353605166,0.014736661985051653,-0.2149516401929824,0.9765135038348856
0,arm_L_elbow_ik_bind_anim,9,0.8052698865382094,0.0,0.5929084329259784,-0.0,1.0,0.0,-0.5929084329259784,-0.0,0.8052698865382094
1,arm_L_humerus_ik_bind_anim,9,0.9245196467610741,-0.06269915546243861,-0.37594180222087,0.117701364340856,0.9851309809277615,0.1251532630361965,0.36250491249785816,-0.15995551356737686,0.918152722641673
2,arm_L_wirst_ik_bind_anim,9,0.9942448830545927,0.06928217859649717,-0.08171347654262454,-0.047673197988799036,0.969184599145541,0.241678461954345,0.09593945337179983,-0.236392031397042,0.966909731453097
0,arm_L_elbow_ik_bind_anim,9,0.8086810477744961,0.0,0.5882473654597554,-0.0,1.0,0.0,-0.5882473654597554,-0.0,0.8086810477744961
1,arm_L_humerus_ik_bind_anim,9,0.9153807705065582,-0.04927825166731672,-0.3995618836919163,0.09939788409592301,0.9894187578467866,0.10569097529200608,0.3901257561659744,-0.1364630922027439,0.9105930588591109
2,arm_L_wirst_ik_bind_anim,9,0.9833363223109597,0.0968019647206139,-0.15388000796135118,-0.053245387032138505,0.9626819992065092,0.26534561832364295,0.1738234908858819,-0.252730583883288,0.9517944347317114
0,arm_L_elbow_ik_bind_anim,9,0.8124293996796309,0.0,0.5830595771756044,-0.0,1.0,0.0,-0.5830595771756044,-0.0,0.8124293996796309
1,arm_L_humerus_ik_bind_anim,9,0.905654039579975,-0.03664461739130984,-0.4224309796981247,0.07973135422664203,0.9932045984127863,0.08477934208804233,0.4164536849946926,-0.11046174771358674,0.9024214816516732
2,arm_L_wirst_ik_bind_anim,9,0.9671288736270515,0.12950291460545582,-0.2188395231798011,-0.06314683472572381,0.9559553946287686,0.2866387286189316,0.24632137353667222,-0.2633975675454263,0.9327097631901147
0,arm_L_elbow_ik_bind_anim,9,0.8163632821614212,0.0,0.5775387359637723,-0.0,1.0,0.0,-0.5775387359637723,-0.0,0.8163632821614212
1,arm_L_humerus_ik_bind_anim,9,0.8953474988529682,-0.024957766834875328,-0.44466837775172396,0.0588496940792063,0.9963036694850418,0.0625756476388734,0.44146298803469103,-0.08219554759995586,0.8935067555145991
2,arm_L_wirst_ik_bind_anim,9,0.947033818071463,0.16623235038528236,-0.2747612656732601,-0.0777981004755164,0.948872221052873,0.30592313360808293,0.3115676539555873,-0.26834364870362076,0.9115466434632071
0,arm_L_elbow_ik_bind_anim,9,0.8203012590337035,0.0,0.5719316781117487,-0.0,1.0,0.0,-0.5719316781117487,-0.0,0.8203012590337035
1,arm_L_humerus_ik_bind_anim,9,0.8844468995685609,-0.01436423462787993,-0.46641971507121693,0.03692021727573433,0.9985468055272183,0.039257798304284955,0.46517800829346234,-0.05194175521622818,0.8836919568861001
2,arm_L_wirst_ik_bind_anim,9,0.9247204721111588,0.20588363715175853,-0.32016242192312105,-0.09748781977297982,0.9411447175428136,0.323639839385031,0.36795131940846004,-0.2680644485835835,0.89036693444397
0,arm_L_elbow_ik_bind_anim,9,0.8240365196920267,0.0,0.5665366839083343,-0.0,1.0,0.0,-0.5665366839083343,-0.0,0.8240365196920267
1,arm_L_humerus_ik_bind_anim,9,0.8729098811127837,-0.00500482014797203,-0.48785580987721366,0.014128399750780757,0.9997873260909029,0.015023012630116472,0.48767686819875694,-0.02000635807159699,0.8727949460558094
2,arm_L_wirst_ik_bind_anim,9,0.9019551215754328,0.2475129431529941,-0.35385632908793513,-0.1223668600552439,0.932341634716588,0.3402431891077626,0.4141295814404795,-0.2635837990957393,0.8712176941673018
0,arm_L_elbow_ik_bind_anim,9,0.8273427863395078,0.0,0.5616973507966543,-0.0,1.0,0.0,-0.5616973507966543,-0.0,0.8273427863395078
1,arm_L_humerus_ik_bind_anim,9,0.8606615097415266,0.002977271168643502,-0.5091688339891044,-0.00932455635951314,0.9999073707121551,-0.009914768993934788,0.5090921510867499,0.013281033540097385,0.8606095490116135
2,arm_L_wirst_ik_bind_anim,9,0.880427142347294,0.29040774625424043,-0.37484848663654813,-0.1524607956599166,0.9219103075923264,0.35614195279658784,0.44900306547385943,-0.256407343246161,0.8559506536737516
0,arm_L_elbow_ik_bind_anim,9,0.829996824459364,0.0,0.5577681161444886,-0.0,1.0,0.0,-0.5577681161444886,-0.0,0.829996824459364
1,arm_L_humerus_ik_bind_anim,9,0.8475974420599222,0.009428886584042954,-0.5305560029923908,-0.033225158398335834,0.9988232993304592,-0.0353285375301795,0.5295985886148886,0.04757218528090823,0.846913349832624
2,arm_L_wirst_ik_bind_anim,9,0.8615784630699204,0.33409414252518793,-0.38218275197140095,-0.18770447419251243,0.9092010029617826,0.37164575415494916,0.47164561096461644,-0.2484645651670433,0.8460589681069315
0,arm_L_elbow_ik_bind_anim,9,0.8317253453271803,0.0,0.5551873106802628,-0.0,1.0,0.0,-0.5551873106802628,-0.0,0.8317253453271803
1,arm_L_humerus_ik_bind_anim,9,0.8335600724452829,0.014178430415001116,-0.5522468449307627,-0.05735167967289599,0.996489797260706,-0.06098252859642977,0.549443710004685,0.0825048851055731,0.831447264395045
2,arm_L_wirst_ik_bind_anim,9,0.8464059343682421,0.3782637125318521,-0.37485138128042633,-0.22795896180200742,0.8934980729921436,0.38690555086930056,0.4812813169035072,-0.24202842258905535,0.842490674523273
0,arm_L_elbow_ik_bind_anim,9,0.8323048033978236,0.0,0.5543182427459069,-0.0,1.0,0.0,-0.5543182427459069,-0.0,0.8323048033978236
1,arm_L_humerus_ik_bind_anim,9,0.8183736475098826,0.017033561537803287,-0.5744340091278617,-0.08147828222374097,0.9929025067866473,-0.0866366062508244,0.5688812376825577,0.11770501177999956,0.8139531114349469
2,arm_L_wirst_ik_bind_anim,9,0.8353272164663437,0.4226424631975513,-0.3515704619744053,-0.2730896616509728,0.874030063241217,0.40186252033489184,0.47712731857434804,-0.23967644200642807,0.8455203871091412
0,arm_L_elbow_ik_bind_anim,9,0.8296834655429213,0.0,0.5582341327836271,-0.0,1.0,0.0,-0.5582341327836271,-0.0,0.8296834655429213
1,arm_L_humerus_ik_bind_anim,9,0.8003427722585559,0.0178117323437045,-0.5992780565684057,-0.10782992071116354,0.9875356068631912,-0.11465658889384808,0.5897661868002552,0.15638467753672333,0.792287622987272
2,arm_L_wirst_ik_bind_anim,9,0.8230863565433959,0.4696889543702352,-0.3192508979074498,-0.3269473507562104,0.8515356589055985,0.40986882224158483,0.464364382253434,-0.23297920026217672,0.8544509422661919
0,arm_L_elbow_ik_bind_anim,9,0.8230293360378301,0.0,0.5679988662146502,-0.0,1.0,0.0,-0.5679988662146502,-0.0,0.8230293360378301
1,arm_L_humerus_ik_bind_anim,9,0.7784432003918963,0.015840688236144523,-0.627515144327073,-0.13946890733849848,0.9790586956066049,-0.1482986663557662,0.6120250057386767,0.20296093996948972,0.7643508678593058
2,arm_L_wirst_ik_bind_anim,9,0.8053001596751177,0.5202010964225897,-0.2843984390040942,-0.3908067589042197,0.8265018575961729,0.40517250225657564,0.4458270180484905,-0.21514064857857795,0.8688801823653132
0,arm_L_elbow_ik_bind_anim,9,0.8139408683751098,0.0,0.5809477281036326,-0.0,1.0,0.0,-0.5809477281036326,-0.0,0.8139408683751098
1,arm_L_humerus_ik_bind_anim,9,0.7537522182469706,0.01012648902899048,-0.6570807010616861,-0.17759274482039086,0.9658166094095594,-0.18883615643139479,0.6327072075414748,0.2590284370654473,0.7297848027442753
2,arm_L_wirst_ik_bind_anim,9,0.7835430695385207,0.5710885445835441,-0.24478180574463035,-0.4602748464386591,0.7981337520671961,0.3887538804269461,0.41738150883097513,-0.19193850071465307,0.8882298621580957
0,arm_L_elbow_ik_bind_anim,9,0.8038937547333695,0.0,0.5947729239808119,-0.0,1.0,0.0,-0.5947729239808119,-0.0,0.8038937547333695
1,arm_L_humerus_ik_bind_anim,9,0.7277493845092544,-0.00035824299074843635,-0.685843061500487,-0.22358071081631284,0.9452478096104029,-0.23773566029859258,0.6483768187537811,0.32635325965691697,0.6878234154301751
2,arm_L_wirst_ik_bind_anim,9,0.7600221424579314,0.6189346705602178,-0.19820750881884036,-0.530210547925453,0.7668797185714371,0.36162449047649453,0.37582325346131357,-0.16975090816342678,0.9110112575239917
0,arm_L_elbow_ik_bind_anim,9,0.7942670348054084,0.0,0.6075688252547394,-0.0,1.0,0.0,-0.6075688252547394,-0.0,0.7942670348054084
1,arm_L_humerus_ik_bind_anim,9,0.7024573818439281,-0.016519805786115782,-0.7115340629300629,-0.2788025805118124,0.9134464075918493,-0.2964536752302108,0.6548455908020822,0.40662360540717996,0.6370514074489892
2,arm_L_wirst_ik_bind_anim,9,0.7376806874400764,0.6599299873765471,-0.14254688751118433,-0.5948247385936649,0.7351456287803387,0.32518369399792885,0.319391192325202,-0.1550913158315148,0.934845415038623
0,arm_L_elbow_ik_bind_anim,9,0.7862742364939586,0.0,0.6178776780446456,-0.0,1.0,0.0,-0.6178776780446456,-0.0,0.7862742364939586
1,arm_L_humerus_ik_bind_anim,9,0.6805280326910702,-0.0387944758477341,-0.7316943250875472,-0.3440968457314411,0.8647126021180427,-0.36588177939864175,0.6468994956554646,0.5007665168338865,0.5751121091915579
2,arm_L_wirst_ik_bind_anim,9,0.7200728053411959,0.6897304456751384,-0.07594120960871553,-0.6480583495865493,0.7075820767616855,0.2816877352260446,0.2480232459654096,-0.15362134276979564,0.9564961853067616
0,arm_L_elbow_ik_bind_anim,9,0.7809052411843244,0.0,0.6246495051553729,-0.0,1.0,0.0,-0.6246495051553729,-0.0,0.7809052411843244
1,arm_L_humerus_ik_bind_anim,9,0.6651694561456788,-0.06645785796154596,-0.7437290822107367,-0.4186697788813603,0.791538975679024,-0.44517599467225777,0.6182759989376061,0.6074943646620636,0.4986836532728348
2,arm_L_wirst_ik_bind_anim,9,0.7108099410186783,0.703379187214638,0.002635667334518741,-0.6841949414212734,0.690544031830288,0.23457668732657658,0.16317631532352775,-0.16854275154050785,0.9720940443293495
0,arm_L_elbow_ik_bind_anim,9,0.7788752494443503,0.0,0.627178878632724,-0.0,1.0,0.0,-0.627178878632724,-0.0,0.7788752494443503
1,arm_L_humerus_ik_bind_anim,9,0.6595789063104087,-0.09661742433433901,-0.7453997180475476,-0.49838825805503384,0.6861276267404836,-0.5299415289032746,0.5626409250874256,0.7210367210749185,0.4044023198230893
2,arm_L_wirst_ik_bind_anim,9,0.7122908062048061,0.6958051168874065,0.09217942671447833,-0.6986489350076743,0.6902705518371582,0.18819200535375333,0.06731621653620797,-0.19844849351841243,0.9777968717538029
0,arm_L_elbow_ik_bind_anim,9,0.7805886214714838,0.0,0.6250451215946322,-0.0,1.0,0.0,-0.6250451215946322,-0.0,0.7805886214714838
1,arm_L_humerus_ik_bind_anim,9,0.6655103163184786,-0.12357226726176351,-0.7360882512562376,-0.5744991793329937,0.5447817698194521,-0.6108711126073179,0.47649418865228094,0.8294231236444839,0.29156572182688356
2,arm_L_wirst_ik_bind_anim,9,0.7238283281039543,0.66382307106154,0.18817938718323926,-0.6890162855451295,0.7098258428165993,0.14630048230712323,-0.036456956645154956,-0.23555509588232143,0.9711769597329024
0,arm_L_elbow_ik_bind_anim,9,0.7861220656646569,0.0,0.6180712724881596,-0.0,1.0,0.0,-0.6180712724881596,-0.0,0.7861220656646569
1,arm_L_humerus_ik_bind_anim,9,0.6813892228356426,-0.1401052596195475,-0.718386555574628,-0.6353608821938477,0.3740321509038237,-0.6755860414988715,0.3633528263015091,0.9167717634816195,0.16584407526802647
2,arm_L_wirst_ik_bind_anim,9,0.7405567592600968,0.6096723809254676,0.2826221404116362,-0.6563552236111403,0.7464458435446552,0.1096194466929942,-0.1441301729429096,-0.2666799403621873,0.9529471667704706
0,arm_L_elbow_ik_bind_anim,9,0.7952292338995222,0.0,0.6063088862548355,-0.0,1.0,0.0,-0.6063088862548355,-0.0,0.7952292338995222
1,arm_L_humerus_ik_bind_anim,9,0.7019412613727417,-0.1412335006538799,-0.6980913721537422,-0.6723321945113314,0.19206816997861506,-0.7148980614777485,0.23504868816060476,0.971165751236171,0.039864744071202544
2,arm_L_wirst_ik_bind_anim,9,0.7552335537798771,0.542936381682576,0.3672088842749447,-0.6057390035800859,0.7921617936726719,0.07456508691807377,-0.25040474992863504,-0.27874679924750234,0.9271449094518345
0,arm_L_elbow_ik_bind_anim,9,0.8073669986447899,0.0,0.5900495991857836,-0.0,1.0,0.0,-0.5900495991857836,-0.0,0.8073669986447899
1,arm_L_humerus_ik_bind_anim,9,0.7207401164887887,-0.12726513282498372,-0.6814229747012985,-0.6849422954706211,0.020582383004648652,-0.7283065408090786,0.10671333730684092,0.9916551575406084,-0.07233472308613041
2,arm_L_wirst_ik_bind_anim,9,0.76227404310547,0.47692708615719154,0.43758294950472065,-0.5446808245318541,0.8378867871089265,0.03561644810449355,-0.3496585228404131,-0.2654925356349804,0.8984723874038473
0,arm_L_elbow_ik_bind_anim,9,0.8217422363916366,0.0,0.5698593659229193,-0.0,1.0,0.0,-0.5698593659229193,-0.0,0.8217422363916366
1,arm_L_humerus_ik_bind_anim,9,0.7334689084974252,-0.10280486193309846,-0.671903654276796,-0.6796461570799887,-0.12578463139491025,-0.7226751190343069,-0.010220637651292552,0.9867164673135657,-0.162130045636945
2,arm_L_wirst_ik_bind_anim,9,0.760072701916326,0.42207369423143737,0.49410857555748094,-0.4802088296504972,0.8770909759914113,-0.010530895504800587,-0.43782298675071346,-0.22927105458879998,0.8693364226813599
0,arm_L_elbow_ik_bind_anim,9,0.8373938275852353,0.0,0.5466000160283105,-0.0,1.0,0.0,-0.5466000160283105,-0.0,0.8373938275852353
1,arm_L_humerus_ik_bind_anim,9,0.7389479032133155,-0.07344583686731034,-0.6697474937493272,-0.6646375230138769,-0.24250576487539455,-0.7067162917353599,-0.11051225877079326,0.9673658372348388,-0.22801398556298458
2,arm_L_wirst_ik_bind_anim,9,0.7501033487300937,0.3826479461877913,0.5393751157609746,-0.41714178630242305,0.9066491392798106,-0.0630877829979965,-0.5131643950473602,-0.1776735419848545,0.8396990032947717
0,arm_L_elbow_ik_bind_anim,9,0.8532064139095705,0.0,0.521573403523963,-0.0,1.0,0.0,-0.521573403523963,-0.0,0.8532064139095705
1,arm_L_humerus_ik_bind_anim,9,0.7381962847752546,-0.04366158386155628,-0.6731715318094725,-0.6463096364532995,-0.33166465327769834,-0.6872280637414251,-0.19326173695694454,0.9423864514417026,-0.2730525172334075
2,arm_L_wirst_ik_bind_anim,9,0.735082334731234,0.3579265174225455,0.5757973335226957,-0.3583321488493298,0.9260801598402455,-0.11821001925085349,-0.5755449871791952,-0.11943259888336026,0.8090017441618198
0,arm_L_elbow_ik_bind_anim,9,0.8680864695368279,0.0,0.49641301494530343,-0.0,1.0,0.0,-0.49641301494530343,-0.0,0.8680864695368279
1,arm_L_humerus_ik_bind_anim,9,0.7332074782094853,-0.01637488102010093,-0.6798078089940308,-0.6285774997916058,-0.3977027264423121,-0.6683732999874288,-0.25941688582939415,0.917368194702612,-0.3018914949028044
2,arm_L_wirst_ik_bind_anim,9,0.7178136220143232,0.3447077425101505,0.6049133626431425,-0.30570265489147747,0.9366479398777261,-0.17098691036191582,-0.6255313667938488,-0.062186887495414546,0.7777167223228854
0,arm_L_elbow_ik_bind_anim,9,0.8809889121850044,0.0,0.47313691105966627,-0.0,1.0,0.0,-0.47313691105966627,-0.0,0.8809889121850044
1,arm_L_humerus_ik_bind_anim,9,0.7262016519367638,0.0065791774093041395,-0.6874502710370636,-0.6135252890315915,-0.44497476939821623,-0.6523681279137618,-0.31019007147717886,0.8955189383947284,-0.3191049208855319
2,arm_L_wirst_ik_bind_anim,9,0.7008843737744135,0.33919777347046337,0.6274599310486115,-0.26106940389179417,0.9406410444515473,-0.2168805935179206,-0.663779979323293,-0.01180237119321641,0.7478347699082907
0,arm_L_elbow_ik_bind_anim,9,0.8910000544209332,0.0,0.4540031971494188,-0.0,1.0,0.0,-0.4540031971494188,-0.0,0.8910000544209332
1,arm_L_humerus_ik_bind_anim,9,0.7192753348850788,0.02398639097533101,-0.6943109142696346,-0.6021892170639352,-0.47682875509803924,-0.6403143643270695,-0.3464262395920411,0.8786688746960561,-0.3285268165043536
2,arm_L_wirst_ik_bind_anim,9,0.6866122753193573,0.33797562927498465,0.6436894106608817,-0.22648027411364074,0.9407530983157489,-0.2523693591677264,-0.6908475004066997,0.02749694574851638,0.7224774385102402
0,arm_L_elbow_ik_bind_anim,9,0.8973825657939413,0.0,0.44125336328359327,-0.0,1.0,0.0,-0.44125336328359327,-0.0,0.8973825657939413
1,arm_L_humerus_ik_bind_anim,9,0.7142168332742105,0.034947763594109,-0.6990514779953826,-0.5951114312078255,-0.4953999629083501,-0.632788480612739,-0.3684246184954693,0.8679617103134074,-0.33302517910256024
2,arm_L_wirst_ik_bind_anim,9,0.6769927899468716,0.3383945056356864,0.6535823750037404,-0.20417067832074293,0.9395272826225542,-0.2749596685369088,-0.7071033138615591,0.0527033562826731,0.7051434320494967
0,arm_L_elbow_ik_bind_anim,9,0.8995957633088282,0.0,0.4367235540210841,-0.0,1.0,0.0,-0.4367235540210841,-0.0,0.8995957633088282
1,arm_L_humerus_ik_bind_anim,9,0.712342014087955,0.03873918642969327,-0.7007625349573713,-0.5926694366190061,-0.501598575061631,-0.6301918822024377,-0.3759146098023133,0.8642326914268558,-0.33435020742668553
2,arm_L_wirst_ik_bind_anim,9,0.6735533299881968,0.3387425650607155,0.6569470193842866,-0.19630694798656848,0.93886412711638,-0.28283870489414326,-0.7125934983102287,0.06154368716679677,0.6988725783259102
=======
0,arm_L_elbow_ik_bind_anim,9,0.48771249760325514,0.0,0.8730043067944135,-0.0,1.0,0.0,-0.8730043067944135,-0.0,0.48771249760325514
1,arm_L_humerus_ik_bind_anim,9,0.8170378400687589,-0.4210584650902004,0.39390219201175014,0.30505592335645276,0.8953911939354977,0.3243693780983434,-0.4892750264635619,-0.1448598591696419,0.860014865964788
2,arm_L_wirst_ik_bind_anim,9,0.4593096976365319,0.4280421850963942,0.7783408568454707,-0.7596686908231695,-0.2648411830276693,0.5939382358086703,0.4603673335935651,-0.8640827712380386,0.20352612267112666
0,arm_L_elbow_ik_bind_anim,9,0.4756691674460394,0.0,0.8796242624786971,-0.0,1.0,0.0,-0.8796242624786971,-0.0,0.4756691674460394
1,arm_L_humerus_ik_bind_anim,9,0.8237247617067395,-0.4136753431490533,0.3877502126649166,0.30071651473732663,0.8985133083344841,0.31975523844036646,-0.48067358437448,-0.1467874150475216,0.8645266682227081
2,arm_L_wirst_ik_bind_anim,9,0.46024611691781225,0.4459155804184385,0.7676801462863051,-0.749753734927397,-0.2678508255588441,0.6050828639201944,0.4754396374141454,-0.8540580954405462,0.21104956950435383
0,arm_L_elbow_ik_bind_anim,9,0.4424096202644016,0.0,0.8968130952977368,-0.0,1.0,0.0,-0.8968130952977368,-0.0,0.4424096202644016
1,arm_L_humerus_ik_bind_anim,9,0.8419044067289835,-0.3926852082935723,0.37012875748548874,0.2883244395635254,0.9071265469161756,0.30657861215406834,-0.4561425078642607,-0.15139271801301848,0.8769345799157048
2,arm_L_wirst_ik_bind_anim,9,0.4628240224379341,0.49457147335098994,0.7356581964484605,-0.7204378362887622,-0.2736762634146474,0.6372367118167022,0.5164912857908998,-0.8249244575055508,0.2296440530717818
0,arm_L_elbow_ik_bind_anim,9,0.3932974646195877,0.0,0.9194112813772758,-0.0,1.0,0.0,-0.9194112813772758,-0.0,0.3932974646195877
1,arm_L_humerus_ik_bind_anim,9,0.8680850493449243,-0.35962335041878407,0.34219788564131837,0.2685515818906467,0.9199668506346872,0.2855539206477937,-0.4175025688158717,-0.15598730578756595,0.8951868885686858
2,arm_L_wirst_ik_bind_anim,9,0.46698742779300983,0.5643610672451602,0.6807490933237974,-0.6716538190476042,-0.27435263583608704,0.6881945790025954,0.5751555351746487,-0.7786059446136379,0.25093603441966705
0,arm_L_elbow_ik_bind_anim,9,0.3345369225764316,0.0,0.9423826438517909,-0.0,1.0,0.0,-0.9423826438517909,-0.0,0.3345369225764316
1,arm_L_humerus_ik_bind_anim,9,0.8983990174528258,-0.3161124405358256,0.3048805182006245,0.24190603269734928,0.9355846360566735,0.2572214223569465,-0.36655242024085205,-0.157335036508674,0.9169978241535734
2,arm_L_wirst_ik_bind_anim,9,0.4736011751136359,0.6431442954474584,0.6017203188894116,-0.6040609649152463,-0.25999314800581946,0.7533351934269932,0.6409463921395021,-0.7202561892989301,0.26536530327067837
0,arm_L_elbow_ik_bind_anim,9,0.27258536821633494,0.0,0.9621316006837969,-0.0,1.0,0.0,-0.9621316006837969,-0.0,0.27258536821633494
1,arm_L_humerus_ik_bind_anim,9,0.9290538150863878,-0.26424746639736874,0.2589059388581101,0.20895576656425494,0.9523504034340108,0.2221850505741138,-0.3052810120085633,-0.15232197996890798,0.9400008075131526
2,arm_L_wirst_ik_bind_anim,9,0.4849165072279375,0.7173269588132225,0.5002979264174804,-0.5207153754072685,-0.2227933289956452,0.8241472140154972,0.7026460551602954,-0.6601554110319867,0.26548701371792843
0,arm_L_elbow_ik_bind_anim,9,0.21351233448262238,0.0,0.9769403682025738,-0.0,1.0,0.0,-0.9769403682025738,-0.0,0.21351233448262238
1,arm_L_humerus_ik_bind_anim,9,0.9566512481301525,-0.2068288847078288,0.20503707445615083,0.17053199604834635,0.968524011980634,0.18132864236160703,-0.23608733082227912,-0.1385028904660566,0.9618106474549756
2,arm_L_wirst_ik_bind_anim,9,0.5044892340820271,0.7738336763424017,0.38297787671578687,-0.42746609343780245,-0.1615336580513451,0.8894827802029529,0.7501755472263496,-0.6124445433465415,0.24929566716790835
0,arm_L_elbow_ik_bind_anim,9,0.16233568622925162,0.0,0.9867355902046291,-0.0,1.0,0.0,-0.9867355902046291,-0.0,0.16233568622925162
1,arm_L_humerus_ik_bind_anim,9,0.978484006337447,-0.1473645022736601,0.14440482267381288,0.12788875657278176,0.9824216891008418,0.13598562691151073,-0.1619058840317012,-0.11459200780981739,0.9801301732229388
2,arm_L_wirst_ik_bind_anim,9,0.5361260144479733,0.8027158029864002,0.2611823812358518,-0.3319105075316526,-0.08402835790780516,0.9395608815065677,0.7761470940628534,-0.5904122074476577,0.22138002094717488
0,arm_L_elbow_ik_bind_anim,9,0.12246537939440993,0.0,0.9924727859492085,-0.0,1.0,0.0,-0.9924727859492085,-0.0,0.12246537939440993
1,arm_L_humerus_ik_bind_anim,9,0.9928398153970314,-0.08977643329186494,0.0787990671758238,0.08277578321698764,0.9926737946468691,0.08801651625802843,-0.0861235779284798,-0.08086364725126392,0.9929973816068299
2,arm_L_wirst_ik_bind_anim,9,0.5818787553011859,0.7994550851200336,0.14929394162142667,-0.24181346950674498,-0.0051974273422150654,0.9703088336782946,0.776494275635212,-0.6007033823982861,0.19029473529502913
0,arm_L_elbow_ik_bind_anim,9,0.09531674986430738,0.0,0.9954469936643061,-0.0,1.0,0.0,-0.9954469936643061,-0.0,0.09531674986430738
1,arm_L_humerus_ik_bind_anim,9,0.9992265299251017,-0.0378409934556198,0.010695845367781653,0.037388298789467055,0.9985096965908696,0.03975551443056765,-0.012184293474358425,-0.039324865267426866,0.9991521895908698
2,arm_L_wirst_ik_bind_anim,9,0.6400328360586641,0.7659316563383103,0.06088239963696621,-0.16406105156112533,0.05882231873751564,0.9846948289592058,0.7506276974155435,-0.6402254545370673,0.1633077684479366
0,arm_L_elbow_ik_bind_anim,9,0.08017702947833572,0.0,0.9967806398320697,-0.0,1.0,0.0,-0.9967806398320697,-0.0,0.08017702947833572
1,arm_L_humerus_ik_bind_anim,9,0.9983536821882316,0.00543821276365508,-0.05709948426331554,-0.005799683313744438,0.9999641668943683,-0.006166733390724437,0.05706390220322892,0.0064877399138082254,0.9983494479871019
2,arm_L_wirst_ik_bind_anim,9,0.7045863240936672,0.7096039373919368,0.004512642023715817,-0.1041150275556171,0.09708421545474155,0.9898154960125803,0.7019388669515795,-0.6978802957151017,0.14228464398990984
0,arm_L_elbow_ik_bind_anim,9,0.07436532992712629,0.0,0.9972310653528746,-0.0,1.0,0.0,-0.9972310653528746,-0.0,0.07436532992712629
1,arm_L_humerus_ik_bind_anim,9,0.9917838327078522,0.038222317030945994,-0.1220814632125158,-0.044250195908761884,0.9979118543541393,-0.047051579160735144,0.12002811896118003,0.05206712417897295,0.9914041886326547
2,arm_L_wirst_ik_bind_anim,9,0.7670171112548538,0.6413481213874807,-0.01890339215613202,-0.06502263317998609,0.1070059939235134,0.9921299181250317,0.638323435427997,-0.759751475455751,0.123777571983819
0,arm_L_elbow_ik_bind_anim,9,0.073674549395498,0.0,0.9972823375410649,-0.0,1.0,0.0,-0.9972823375410649,-0.0,0.073674549395498
1,arm_L_humerus_ik_bind_anim,9,0.9813621588405236,0.059809971543134464,-0.18262278198482382,-0.07551725094401195,0.9939061060061641,-0.08029817714943953,0.17670726642027537,0.09259276293357431,0.9798985265049646
2,arm_L_wirst_ik_bind_anim,9,0.819411440185574,0.5729856159131983,-0.01588633530981748,-0.045898687286271514,0.09321396534617978,0.9945875864748358,0.5713652091249524,-0.8142472846875294,0.10267987719405294
0,arm_L_elbow_ik_bind_anim,9,0.07303877925588931,0.0,0.997329101513041,-0.0,1.0,0.0,-0.997329101513041,-0.0,0.07303877925588931
1,arm_L_humerus_ik_bind_anim,9,0.968671458385666,0.07028419257297128,-0.23819264888604777,-0.09724987345626979,0.989873484055092,-0.10340671002102866,0.228512730108688,0.12333133356531537,0.965697320250644
2,arm_L_wirst_ik_bind_anim,9,0.8568989570847455,0.5154788628167205,0.002391513381957755,-0.0412128525643731,0.06388362434305506,0.9971060040558891,0.5138342905359496,-0.8545176560668458,0.07598616544767367
0,arm_L_elbow_ik_bind_anim,9,0.06736169182611063,0.0,0.9977286216573745,-0.0,1.0,0.0,-0.9977286216573745,-0.0,0.06736169182611063
1,arm_L_humerus_ik_bind_anim,9,0.9547209690893893,0.07012071536234497,-0.2891210066011988,-0.10699929825460312,0.9877280842397245,-0.11377337903545774,0.27759506723650534,0.13955757550629938,0.9505075811190374
2,arm_L_wirst_ik_bind_anim,9,0.8778783172726293,0.47828911011831365,0.023857644577961475,-0.04197521251745581,0.02722487710922483,0.9987476596220397,0.4770406079116233,-0.8777803445102991,0.04397641634660143
0,arm_L_elbow_ik_bind_anim,9,0.06615942521683493,0.0,0.997809065129686,-0.0,1.0,0.0,-0.997809065129686,-0.0,0.06615942521683493
1,arm_L_humerus_ik_bind_anim,9,0.9394024595011012,0.06357591896165903,-0.33686959140216616,-0.10801802055009557,0.987491807180837,-0.11485659749080088,0.32535384786370813,0.1442845566195678,0.934519577323757
2,arm_L_wirst_ik_bind_anim,9,0.8837716413371565,0.466248557792109,0.03949643433282174,-0.03894058895109703,-0.010830212594267863,0.9991828346340348,0.46629531039929,-0.8845874681748218,0.008584558677557808
0,arm_L_elbow_ik_bind_anim,9,0.08132921936988712,0.0,0.996687292021266,-0.0,1.0,0.0,-0.996687292021266,-0.0,0.08132921936988712
1,arm_L_humerus_ik_bind_anim,9,0.9227501181741098,0.05522147676814069,-0.3814220862944516,-0.10550046639149069,0.9880715442837554,-0.1121796548750823,0.3706775836233483,0.1437539977887931,0.9175690258061763
2,arm_L_wirst_ik_bind_anim,9,0.8791436618832946,0.4744066213989564,0.045219236429406506,-0.026195712200405757,-0.04663658643808,0.998568381968765,0.47583632315402824,-0.8790696140683234,-0.028572840058776583
0,arm_L_elbow_ik_bind_anim,9,0.11180412924445793,0.0,0.9937302635443326,-0.0,1.0,0.0,-0.9937302635443326,-0.0,0.11180412924445793
1,arm_L_humerus_ik_bind_anim,9,0.905760490166437,0.04614183320338844,-0.4212705374009515,-0.09971283010875531,0.9893512641989703,-0.10602559851093352,0.41189232326562997,0.1380398756031381,0.9007162187827594
2,arm_L_wirst_ik_bind_anim,9,0.8667536959958934,0.49718699214432827,0.03928263382124761,-0.0013384227041357277,-0.07644521438796814,0.997072884909545,0.4987346379610339,-0.8642691849416207,-0.06559372575348288
0,arm_L_elbow_ik_bind_anim,9,0.15629746104217845,0.0,0.9877100301565074,-0.0,1.0,0.0,-0.9877100301565074,-0.0,0.15629746104217845
1,arm_L_humerus_ik_bind_anim,9,0.8896188714457086,0.03724832973588535,-0.4551821893479033,-0.09101671923387625,0.9911356090876134,-0.09677892962017726,0.4475424230031891,0.12752555167656496,0.8851231627756797
2,arm_L_wirst_ik_bind_anim,9,0.8478947242039636,0.5297321832251847,0.02140912708551679,0.03517461218745747,-0.09650209146547173,0.9947110600572671,0.5289964870625762,-0.8426572021873837,-0.1004567383363828
0,arm_L_elbow_ik_bind_anim,9,0.21319905691884478,0.0,0.977008783035708,-0.0,1.0,0.0,-0.977008783035708,-0.0,0.21319905691884478
1,arm_L_humerus_ik_bind_anim,9,0.8754962175116239,0.029150514130233972,-0.4823449187550154,-0.07984202840592658,0.9931856778403215,-0.08489675984917434,0.47658328088894025,0.11283818883163711,0.871857740413153
2,arm_L_wirst_ik_bind_anim,9,0.8232739813223561,0.5675919159344186,-0.007705105030617058,0.0807483670281789,-0.10366556327541265,0.9913289828372184,0.5618715626368,-0.8167575331496413,-0.1311772813538734
0,arm_L_elbow_ik_bind_anim,9,0.2805147439596215,0.0,0.9598497165813344,-0.0,1.0,0.0,-0.9598497165813344,-0.0,0.2805147439596215
1,arm_L_humerus_ik_bind_anim,9,0.8643513338066378,0.02211179355156781,-0.5024020703904585,-0.0666586640639091,0.9952551561763254,-0.07087874582449262,0.4984509948348997,0.09475358932711182,0.8617240643371448
2,arm_L_wirst_ik_bind_anim,9,0.7937253316078952,0.6064885173741976,-0.046602320298292366,0.13133107463001573,-0.09606039638661579,0.9866734764260018,0.593929496489661,-0.7892680650699698,-0.15589635871387086
0,arm_L_elbow_ik_bind_anim,9,0.3558454452222875,0.0,0.9345448192112306,-0.0,1.0,0.0,-0.9345448192112306,-0.0,0.3558454452222875
1,arm_L_humerus_ik_bind_anim,9,0.856792587338571,0.01608567836734,-0.5154102378039649,-0.05194892277392428,0.9971209073390341,-0.05523771872561212,0.513037787793751,0.07410227458616556,0.8551614357516657
2,arm_L_wirst_ik_bind_anim,9,0.760717138529582,0.642370335212865,-0.09311169414137045,0.182148760123485,-0.07358117959978604,0.9805139668531913,0.6230018172789239,-0.7628539587936969,-0.17298142449391138
0,arm_L_elbow_ik_bind_anim,9,0.43640226219758615,0.0,0.8997516688224754,-0.0,1.0,0.0,-0.8997516688224754,-0.0,0.43640226219758615
1,arm_L_humerus_ik_bind_anim,9,0.8530187376601983,0.01080537319196857,-0.5217684132934688,-0.036182487247599635,0.9986043502821248,-0.038473097278392265,0.5206244911807156,0.05169715183448342,0.8522191875773646
2,arm_L_wirst_ik_bind_anim,9,0.7265691871336213,0.6717602415909312,-0.14434470591498216,0.22847831377411726,-0.0380883605429363,0.9728036476730995,0.6479929601800664,-0.7397887905401416,-0.18115647641812307
0,arm_L_elbow_ik_bind_anim,9,0.5190566291285317,0.0,0.8547398526790043,-0.0,1.0,0.0,-0.8547398526790043,-0.0,0.5190566291285317
1,arm_L_humerus_ik_bind_anim,9,0.8528268185119621,0.005893941468488335,-0.522160587444831,-0.019795888265308575,0.9995824429867564,-0.021049049394579467,0.521818493764405,0.02828782647348611,0.8525873904995626
2,arm_L_wirst_ik_bind_anim,9,0.6943193049856711,0.692255565664486,-0.19673061411675896,0.2663345360024576,0.006787841404057859,0.9638567529158206,0.6685705779172235,-0.7216205076185238,-0.1796586355503513
0,arm_L_elbow_ik_bind_anim,9,0.6004360831894018,0.0,0.7996727518204991,-0.0,1.0,0.0,-0.7996727518204991,-0.0,0.6004360831894018
1,arm_L_humerus_ik_bind_anim,9,0.8556608883297064,0.0009704398616509768,-0.5175359914337285,-0.0031777676310563315,0.999989242619147,-0.003378822112431145,0.5175271451583005,0.00453573505171564,0.8556547674920301
2,arm_L_wirst_ik_bind_anim,9,0.6672727629622898,0.702961752623099,-0.24615408620969992,0.2929044918698479,0.05619670093632278,0.9544888105401443,0.6848021746834173,-0.7090040233686506,-0.16840212705286103
0,arm_L_elbow_ik_bind_anim,9,0.677050280110749,0.0,0.73593676236614,-0.0,1.0,0.0,-0.73593676236614,-0.0,0.677050280110749
1,arm_L_humerus_ik_bind_anim,9,0.8606673273262322,-0.0042598175453174136,-0.5091498852279169,0.013339516091627803,0.999810415144514,0.014184184114565918,0.508992936084148,-0.018999676919234893,0.8605609817400526
2,arm_L_wirst_ik_bind_anim,9,0.6483656822466839,0.7046585034370924,-0.28823312720537436,0.30664732013481993,0.10481513110257715,0.946034465199912,0.6968424234638171,-0.7017621974898243,-0.14812310770209905
0,arm_L_elbow_ik_bind_anim,9,0.7454875963139314,0.0,0.6665194998963473,-0.0,1.0,0.0,-0.6665194998963473,-0.0,0.7454875963139314
1,arm_L_humerus_ik_bind_anim,9,0.8667403965559908,-0.00993016904710266,-0.49866068295050076,0.02948222077870903,0.9990735935639279,0.031348896331686825,0.49788742064438557,-0.041872979186527375,0.8662302061104342
2,arm_L_wirst_ik_bind_anim,9,0.6395359056263078,0.6995925352105787,-0.31869124571028523,0.3070749121125975,0.14757144162681698,0.9401742753166686,0.7047686313718701,-0.6991372928787436,-0.12045008069903163
0,arm_L_elbow_ik_bind_anim,9,0.8026489818666236,0.0,0.5964516844711503,-0.0,1.0,0.0,-0.5964516844711503,-0.0,0.8026489818666236
1,arm_L_humerus_ik_bind_anim,9,0.8725345020185217,-0.015945630434043134,-0.48829220724618466,0.045032388253054174,0.997837285809748,0.047883557261982346,0.48647263725261697,-0.06376902004811011,0.8713655290901673
2,arm_L_wirst_ik_bind_anim,9,0.641273180274296,0.6909111463550709,-0.3337821087224594,0.2944005367136534,0.18016598239403478,0.9385459726463617,0.7085880553915672,-0.700129992665872,-0.0878689998013129
0,arm_L_elbow_ik_bind_anim,9,0.846024926411085,0.0,0.5331433427241851,-0.0,1.0,0.0,-0.5331433427241851,-0.0,0.846024926411085
1,arm_L_humerus_ik_bind_anim,9,0.8764514788653853,-0.02191883526005294,-0.4809910288721835,0.059821008507895464,0.9961804109552835,0.06360845674956091,0.4777596175230565,-0.08452309441688184,0.8744150012290604
2,arm_L_wirst_ik_bind_anim,9,0.6524927722727757,0.6818568779021725,-0.3306423750660057,0.2692090300333602,0.19928890394853987,0.942236929286624,0.708364087373354,-0.7038146992074625,-0.053527459301033524
0,arm_L_elbow_ik_bind_anim,9,0.8737651213843933,0.0,0.48634813935299115,-0.0,1.0,0.0,-0.48634813935299115,-0.0,0.8737651213843933
1,arm_L_humerus_ik_bind_anim,9,0.876587173116387,-0.027115328345510142,-0.4804786019132762,0.07371823785844624,0.9941938090722001,0.0783855306134706,0.47556340201372405,-0.10413178655542679,0.8734964348489971
2,arm_L_wirst_ik_bind_anim,9,0.6708102650693089,0.6748798291371946,-0.3074911454032372,0.23227200555535202,0.20257336513828206,0.9513221048476939,0.7043176156486064,-0.7095782183524966,-0.020867398658156677
0,arm_L_elbow_ik_bind_anim,9,0.8901753194801335,0.0,0.4556181521717964,-0.0,1.0,0.0,-0.4556181521717964,-0.0,0.8901753194801335
1,arm_L_humerus_ik_bind_anim,9,0.8733407943287624,-0.03165222964255858,-0.48608023341816803,0.08805318108187413,0.9917058178932086,0.09362803030142731,0.47908505952760494,-0.12457008916837559,0.8688842262476711
2,arm_L_wirst_ik_bind_anim,9,0.6885780246880059,0.6720349633611337,-0.27245056787785094,0.17564660745879856,0.20995579865981906,0.9618039467050091,0.7035684566586101,-0.710132079707231,0.026530287704889743
0,arm_L_elbow_ik_bind_anim,9,0.9009651905942744,0.0,0.43389137504382685,-0.0,1.0,0.0,-0.43389137504382685,-0.0,0.9009651905942744
1,arm_L_humerus_ik_bind_anim,9,0.8684016828141022,-0.03611355723148146,-0.4945445665152167,0.10420014484090573,0.9883654660996146,0.11079727089069431,0.48478948740744104,-0.1477481519538574,0.8620612718904906
2,arm_L_wirst_ik_bind_anim,9,0.7001648170121064,0.67405926068188,-0.23540038680384717,0.09381052212572713,0.23999148891449984,0.9662316860810869,0.7077915052873283,-0.6986044648709303,0.10479974573203499
0,arm_L_elbow_ik_bind_anim,9,0.90680980061321,0.0,0.42154001650119793,-0.0,1.0,0.0,-0.42154001650119793,-0.0,0.90680980061321
1,arm_L_humerus_ik_bind_anim,9,0.8616675217269791,-0.040176424993201995,-0.505880358262358,0.12210664390788051,0.9839879092676571,0.1298374442471011,0.4925637517260483,-0.17364806157809717,0.8527762316081102
2,arm_L_wirst_ik_bind_anim,9,0.7057880712890829,0.6803265427199784,-0.19753225988865153,-0.009051979762280392,0.2874716374590386,0.9577463752575638,0.7083652024827446,-0.6741779089582367,0.20905235464897287
0,arm_L_elbow_ik_bind_anim,9,0.9082712984693705,0.0,0.4183817017709591,-0.0,1.0,0.0,-0.4183817017709591,-0.0,0.9082712984693705
1,arm_L_humerus_ik_bind_anim,9,0.853131445590394,-0.04349698027589534,-0.5198795526386117,0.14169547892539996,0.9783772319757069,0.15066646343382223,0.502084781483114,-0.20220287994593977,0.8408477077001647
2,arm_L_wirst_ik_bind_anim,9,0.7057869271049555,0.690183959417677,-0.15972136892189082,-0.12787877844346582,0.3458788223549983,0.9295239955321897,0.6967867905977777,-0.635620910927935,0.3323766328122222
0,arm_L_elbow_ik_bind_anim,9,0.9057910082344343,0.0,0.4237247330539569,-0.0,1.0,0.0,-0.4237247330539569,-0.0,0.9057910082344343
1,arm_L_humerus_ik_bind_anim,9,0.842891165317756,-0.0457397175056245,-0.5361365140258413,0.1628548610412695,0.9713351723068995,0.17316546213016817,0.5128477139117461,-0.2332720756585142,0.8261787706383312
2,arm_L_wirst_ik_bind_anim,9,0.7006201175943101,0.7029355983488533,-0.12252752913559756,-0.25609617912107185,0.40800357166364987,0.8763263276595613,0.6659926409966728,-0.5825930226870594,0.4658746312632107
0,arm_L_elbow_ik_bind_anim,9,0.8997075175516699,0.0,0.4364932792850443,-0.0,1.0,0.0,-0.4364932792850443,-0.0,0.8997075175516699
1,arm_L_humerus_ik_bind_anim,9,0.8311439354372081,-0.04660640865378853,-0.55410071400274,0.185428763595238,0.9626737465253701,0.19716853547751717,0.524228892963266,-0.26662164282594103,0.8087626149614637
2,arm_L_wirst_ik_bind_anim,9,0.6908617753911086,0.7178253815793341,-0.08623647061382411,-0.385685246336453,0.46680499255443,0.7958266078013783,0.6115201534388176,-0.5165460487572644,0.5993523850385704
0,arm_L_elbow_ik_bind_anim,9,0.8902897081882652,0.0,0.4553945931761306,-0.0,1.0,0.0,-0.4553945931761306,-0.0,0.8902897081882652
1,arm_L_humerus_ik_bind_anim,9,0.8181680572653005,-0.045859505803477765,-0.5731473944791029,0.2092084657668493,0.9522321921128755,0.22245374835095244,0.5355677808851134,-0.30191183817692313,0.7886801595364413
2,arm_L_wirst_ik_bind_anim,9,0.67720535763853,0.7340295518101521,-0.05092662029879449,-0.5079302210003275,0.5164407164108348,0.6894170559448194,0.5323530728569424,-0.4410097544300475,0.7225722125278
0,arm_L_elbow_ik_bind_anim,9,0.8777708594851074,0.0,0.4790807011754657,-0.0,1.0,0.0,-0.4790807011754657,-0.0,0.8777708594851074
1,arm_L_humerus_ik_bind_anim,9,0.8042956707382761,-0.043337738482501074,-0.5926468716317407,0.2339265705532072,0.9398980671031548,0.248736774613182,0.5462479598322377,-0.33869376120468453,0.7660937948450843
2,arm_L_wirst_ik_bind_anim,9,0.6604779001343246,0.750663329337959,-0.016538120250024272,-0.6146616241092824,0.5532033241290699,0.5622785519828105,0.4312308329439029,-0.36120720945158086,0.8267825110382473
0,arm_L_elbow_ik_bind_anim,9,0.8623741694341812,0.0,0.5062714606737241,-0.0,1.0,0.0,-0.5062714606737241,-0.0,0.8623741694341812
1,arm_L_humerus_ik_bind_anim,9,0.7898824027063177,-0.03896405421070209,-0.6120192745121346,0.2592549347783767,0.9256314864986559,0.2756686960743788,0.5557631408144605,-0.37641486910290095,0.7412416459092757
2,arm_L_wirst_ik_bind_anim,9,0.641658292596168,0.7668006099278438,0.017072204217872138,-0.6996488415874279,0.5760552725348833,0.4226722387975482,0.31427079725602974,-0.2831556949790129,0.9061218010803027
0,arm_L_elbow_ik_bind_anim,9,0.8443267010203094,0.0,0.535828724448551,-0.0,1.0,0.0,-0.535828724448551,-0.0,0.8443267010203094
1,arm_L_humerus_ik_bind_anim,9,0.7752779487726795,-0.03274692282630313,-0.6307707516936994,0.28480779245599613,0.909490442741089,0.30283932360075055,0.5637629142673084,-0.4144330749445874,0.7144344636765537
2,arm_L_wirst_ik_bind_anim,9,0.6218893214075656,0.7815013232289402,0.05009344977792182,-0.7597216680145568,0.5865690431286459,0.2806416661729409,0.1899385665640793,-0.21258513455686498,0.9585045130290324
0,arm_L_elbow_ik_bind_anim,9,0.8238496896620824,0.0,0.5668083351924974,-0.0,1.0,0.0,-0.5668083351924974,-0.0,0.8238496896620824
1,arm_L_humerus_ik_bind_anim,9,0.7607941997258544,-0.024771359220715095,-0.6485202891397113,0.31015075963884975,0.8916541881593516,0.32978677207148893,0.5700865653205143,-0.4520389236561891,0.6860481903924918
2,arm_L_wirst_ik_bind_anim,9,0.6024754192061893,0.7938388856972999,0.08272359280879446,-0.7952662831562791,0.5882915749465992,0.1465078896225248,0.06763806714508126,-0.15405468639972827,0.9857445132848364
0,arm_L_elbow_ik_bind_anim,9,0.8012172044428865,0.0,0.598373621832318,-0.0,1.0,0.0,-0.598373621832318,-0.0,0.8012172044428865
1,arm_L_humerus_ik_bind_anim,9,0.746707912720823,-0.015208430443441582,-0.6649781926676681,0.33481535633133264,0.8724411103316498,0.3560129016875664,0.5747399153050311,-0.4884825612513972,0.6565506965257448
2,arm_L_wirst_ik_bind_anim,9,0.5848535956258669,0.8029166803652248,0.11520015657446883,-0.8099573235501154,0.5857447701394811,0.029533003263805868,-0.04376534829095413,-0.11057969364007833,0.9929031803974836
0,arm_L_elbow_ik_bind_anim,9,0.7766539421501404,0.0,0.6299274991160859,-0.0,1.0,0.0,-0.6299274991160859,-0.0,0.7766539421501404
1,arm_L_humerus_ik_bind_anim,9,0.7332036282066772,-0.004269867490275637,-0.6799957410279716,0.35831731929238747,0.852317765023476,0.3810027901741718,0.5779456187909741,-0.5230068791679533,0.6264524451730679
2,arm_L_wirst_ik_bind_anim,9,0.5705547037184354,0.8078699451501357,0.14769387864053413,-0.8097749333613807,0.5833742066120662,-0.06276218893022867,-0.1368644854019467,-0.08378953862421529,0.9870397286091384
0,arm_L_elbow_ik_bind_anim,9,0.7504029163697867,0.0,0.6609806828521682,-0.0,1.0,0.0,-0.6609806828521682,-0.0,0.7504029163697867
1,arm_L_humerus_ik_bind_anim,9,0.720392664288658,0.007786228107479615,-0.6935227349488604,0.38017563919197656,0.8318969187314474,0.40424497519461555,0.5800869698623309,-0.5548755637591023,0.5963323034508169
2,arm_L_wirst_ik_bind_anim,9,0.5611337554221628,0.8078385758449347,0.18034895037855925,-0.8016346400771603,0.584663702178799,-0.12470067835798725,-0.20618150342400265,-0.07460020597430138,0.9756659248505145
0,arm_L_elbow_ik_bind_anim,9,0.722704654397222,0.0,0.6911569883265248,-0.0,1.0,0.0,-0.6911569883265248,-0.0,0.722704654397222
1,arm_L_humerus_ik_bind_anim,9,0.708300638203362,0.020678093504654244,-0.7056079806590362,0.3999283516740466,0.8119244075150263,0.42524824515646575,0.5816936646104975,-0.5833962400722053,0.5668168201647014
2,arm_L_wirst_ik_bind_anim,9,0.5580914267225384,0.801910791185192,0.21324409112456208,-0.7918693558391977,0.5914969255835335,-0.15190230514393635,-0.2479453219998619,-0.08408608687510032,0.9651179447572291
0,arm_L_elbow_ik_bind_anim,9,0.6844257986435139,0.0,0.7290825235535331,-0.0,1.0,0.0,-0.7290825235535331,-0.0,0.6844257986435139
1,arm_L_humerus_ik_bind_anim,9,0.6949039900643681,0.03616212788348924,-0.7181926935715505,0.4171773201638781,0.7932160200076204,0.4435892572461101,0.5857230814416535,-0.607865648075468,0.5361229576844154
2,arm_L_wirst_ik_bind_anim,9,0.5657692061291242,0.7869955355989346,0.2460553440658555,-0.7890157821843746,0.6033859227973255,-0.11566989078407316,-0.23949801848867158,-0.12869908747681885,0.9623290726267362
0,arm_L_elbow_ik_bind_anim,9,0.6279699824340808,0.0,0.778237560878258,-0.0,1.0,0.0,-0.778237560878258,-0.0,0.6279699824340808
1,arm_L_humerus_ik_bind_anim,9,0.6791185582588666,0.055184929182038406,-0.7319512329517397,0.431925063216984,0.7762159322662133,0.4592706895297128,0.5934970291361221,-0.6280473310884036,0.5033068907926161
2,arm_L_wirst_ik_bind_anim,9,0.5855897572070561,0.7612848324556594,0.27844216657528686,-0.7924777690054976,0.6099001862043534,-0.0008651589243852675,-0.17048056160820918,-0.22015259876016416,0.9604526075621305
0,arm_L_elbow_ik_bind_anim,9,0.5562440716442614,0.0,0.8310189725635714,-0.0,1.0,0.0,-0.8310189725635714,-0.0,0.5562440716442614
1,arm_L_humerus_ik_bind_anim,9,0.6623015847730251,0.07604322029962439,-0.7453683917725531,0.4443450253601302,0.7611327174967626,0.4724769674742873,0.6032529396901807,-0.644122981271788,0.47030997836820254
2,arm_L_wirst_ik_bind_anim,9,0.6141197244219039,0.7258658827424015,0.3097994259945606,-0.7871392466369547,0.5917797493627237,0.17380602592545355,-0.05717316223344869,-0.3505929955301253,0.9347811406984211
0,arm_L_elbow_ik_bind_anim,9,0.47264147096209264,0.0,0.8812548098744138,-0.0,1.0,0.0,-0.8812548098744138,-0.0,0.47264147096209264
1,arm_L_humerus_ik_bind_anim,9,0.6456794123530097,0.09704523016950631,-0.7574168731714522,0.45462149676188063,0.7480907834365701,0.48340404882380333,0.6135286392218862,-0.6564620347275281,0.438907969642765
2,arm_L_wirst_ik_bind_anim,9,0.6475474056657469,0.6824210404221527,0.33909273216143576,-0.7576364377282899,0.528872743228889,0.3824665340862338,0.081666306650585,-0.5045742215558541,0.8594972189014671
0,arm_L_elbow_ik_bind_anim,9,0.38089828344882615,0.0,0.9246169464517389,-0.0,1.0,0.0,-0.9246169464517389,-0.0,0.38089828344882615
1,arm_L_humerus_ik_bind_anim,9,0.6302969190402405,0.11670543819144541,-0.7675321716676917,0.4629427895845015,0.7371375561784412,0.4922521679413867,0.6232252942717427,-0.6655885094920269,0.4105875894520944
2,arm_L_wirst_ik_bind_anim,9,0.6821183911164439,0.6334726138772635,0.3652765362957516,-0.69556571929107,0.4079631694295701,0.5914003572336395,0.22561655667927077,-0.6574788968906053,0.7189010150887967
0,arm_L_elbow_ik_bind_anim,9,0.28487073638338434,0.0,0.9585659411602252,-0.0,1.0,0.0,-0.9585659411602252,-0.0,0.28487073638338434
1,arm_L_humerus_ik_bind_anim,9,0.6170126589240311,0.1338225979133787,-0.7754913868091712,0.46949775144678996,0.7282507313863543,0.4992221285376364,0.6315593718043502,-0.6721178352959801,0.3865105113229656
2,arm_L_wirst_ik_bind_anim,9,0.7146483749544814,0.5823129984007344,0.3875426067782293,-0.6018538123471322,0.22957326950017085,0.7648974457365016,0.3564403017871881,-0.7798767119388474,0.5145314620480558
0,arm_L_elbow_ik_bind_anim,9,0.18831491009905943,0.0,0.9821086979730824,-0.0,1.0,0.0,-0.9821086979730824,-0.0,0.18831491009905943
1,arm_L_humerus_ik_bind_anim,9,0.6064932396501708,0.14750790917267573,-0.7812857140573775,0.47447502019127874,0.721344968198411,0.5045145112574257,0.6379963992634492,-0.6766851953355706,0.367502028484925
2,arm_L_wirst_ik_bind_anim,9,0.7429504580669641,0.532633277226046,0.4053719389024482,-0.48443463235190115,0.009956941085813353,0.8747707964388683,0.46189577161537926,-0.8462875701058451,0.2654235197720386
0,arm_L_elbow_ik_bind_anim,9,0.09471072016894377,0.0,0.9955048364950719,-0.0,1.0,0.0,-0.9955048364950719,-0.0,0.09471072016894377
1,arm_L_humerus_ik_bind_anim,9,0.5991875117594498,0.15720361920329767,-0.7850231511623742,0.4780643338791369,0.7162778925733788,0.5083310666124355,0.6422062117608458,-0.6798771967936738,0.3540313246815314
2,arm_L_wirst_ik_bind_anim,9,0.7660234670740401,0.4879468503304315,0.4184685402087933,-0.3537747005861147,-0.22352034438167007,0.908230211385145,0.5367043032406876,-0.8437692379437116,0.0014014217127555908
0,arm_L_elbow_ik_bind_anim,9,0.007122324973542815,0.0,0.9999746359218175,-0.0,1.0,0.0,-0.9999746359218175,-0.0,0.007122324973542815
1,arm_L_humerus_ik_bind_anim,9,0.5952734306022931,0.16271527903234753,-0.78687564505988,0.48045917306893327,0.7128556220780198,0.5108775245454397,0.64405630641497,-0.6821734383873245,0.3461659632689522
2,arm_L_wirst_ik_bind_anim,9,0.783940373840069,0.45097347473364735,0.4266853821613219,-0.21956567199868546,-0.4414661639008093,0.8699991619596364,0.580713703939608,-0.7757129309334506,-0.24706485553266622
0,arm_L_elbow_ik_bind_anim,9,-0.0718243627163395,0.0,0.9974172952783562,0.0,1.0,0.0,-0.9974172952783562,0.0,-0.0718243627163395
1,arm_L_humerus_ik_bind_anim,9,0.5946027937512806,0.1642439800939123,-0.7870650752422462,0.4818599934030255,0.7108382176065933,0.5123670316750657,0.6436291357768139,-0.6839100404240254,0.3435237869295218
2,arm_L_wirst_ik_bind_anim,9,0.7974684226910423,0.4231605148780859,0.43009219181330677,-0.09003393249801771,-0.6213882376247936,0.7783126294365877,0.5966054020955588,-0.6594026363229573,-0.45743869250505087
0,arm_L_elbow_ik_bind_anim,9,-0.13997974885823772,0.0,0.9901543667073255,0.0,1.0,0.0,-0.9901543667073255,0.0,-0.13997974885823772
1,arm_L_humerus_ik_bind_anim,9,0.5966401163464522,0.1624333989900699,-0.7858981883543341,0.4824772954532983,0.7099455151799754,0.5130234154967102,0.6412770313508528,-0.6852683827292575,0.34521154774060714
2,arm_L_wirst_ik_bind_anim,9,0.8076094026825607,0.40449551503073716,0.4291275230263567,0.027404540940801983,-0.7526391334171458,0.6578626953893285,0.5890806768470186,-0.5195360556969144,-0.618923454876572
0,arm_L_elbow_ik_bind_anim,9,-0.1955865778923156,0.0,0.9806864384442018,0.0,1.0,0.0,-0.9806864384442018,0.0,-0.1955865778923156
1,arm_L_humerus_ik_bind_anim,9,0.6004568948348248,0.158372643928563,-0.7838173403927708,0.4825337872325595,0.7098637072180664,0.5130834838051465,0.6376618709193165,-0.6863028652349483,0.3498224057232142
2,arm_L_wirst_ik_bind_anim,9,0.8151986742511723,0.39365700113802504,0.4248355999138348,0.12592686070178222,-0.8364308124092944,0.5334097128906833,0.5653260539307602,-0.3813366773696761,-0.7314292797254774
0,arm_L_elbow_ik_bind_anim,9,-0.23715787562012003,0.0,0.9714711225926129,0.0,1.0,0.0,-0.9714711225926129,0.0,-0.23715787562012003
1,arm_L_humerus_ik_bind_anim,9,0.6048022591771576,0.15352833765015791,-0.7814366748704502,0.4822649473708677,0.7102528548639876,0.5127976235269911,0.6337465959132093,-0.6870006780898652,0.35552119553197536
2,arm_L_wirst_ik_bind_anim,9,0.8207016967088521,0.3884721093174038,0.41897272620267084,0.20004862778455135,-0.8822513453473214,0.42616089702641413,0.5351908739325896,-0.26593605230454764,-0.8017784884517312
0,arm_L_elbow_ik_bind_anim,9,-0.26328924668169273,0.0,0.9647169390975712,0.0,1.0,0.0,-0.9647169390975712,0.0,-0.26328924668169273
1,arm_L_humerus_ik_bind_anim,9,0.6082823035239315,0.14955589924459262,-0.7795034780042746,0.4819174197139413,0.7107552668695161,0.5124280936809571,0.6306728468832922,-0.6873572459924929,0.36026625790620376
2,arm_L_wirst_ik_bind_anim,9,0.8241989776893319,0.38657417095603774,0.4138314337088377,0.24624298310078083,-0.9027066437050912,0.3528244729101396,0.5099612126912091,-0.18889448313897722,-0.8392010699410302
0,arm_L_elbow_ik_bind_anim,9,-0.2724134143635528,0.0,0.9621803010220026,0.0,1.0,0.0,-0.9621803010220026,0.0,-0.2724134143635528
1,arm_L_humerus_ik_bind_anim,9,0.6096478956619878,0.14797340930183392,-0.7787382830287092,0.4817448775553159,0.7110044403992978,0.5122446277724102,0.6294849611103698,-0.6874420381909105,0.3621769289502066
2,arm_L_wirst_ik_bind_anim,9,0.8254600923360365,0.38614943769798415,0.41170893568893185,0.2622150871601989,-0.908234363109039,0.32611898094635394,0.49985886410681135,-0.1612419096682055,-0.8509654296975875
>>>>>>> 55ca374380410085d5d6a3bf0afd72a29903adce
